id,pass
1,sZM343?+t+Jb#7
2,"hXT128'""v3"
3,oLV348{&!J_/_+f
4,zWK628=>JR4u$
5,"rSZ382,!'H3|ueQw"
6,bGS258@|
7,tUB813=>!1gs
8,"lTH528@"""
9,fSO902/<r%vp?L
10,iSS094#|
11,gII787(<M\a
12,fHF527{&If
13,nIL045%*G
14,"xNT721""%r"
15,eYC606!'&#zM{
16,fXW586<>+T
17,tEI993\*fq3
18,"eBW592""=8|3qTPd"
19,"nEI007~,Uz"
20,"xNV305,_"
21,"mRH156""$!#N>R<5"
22,eTS473$_W'df=Ta
23,jZX192=`6%A/
24,iKL124%~j
25,fOZ106`*$Lm0
26,iWL911&<&
27,jQP881$%G!e*
28,uIU070(<L
29,rMD770.<\KT
30,mNY570*.77Jj
31,sJC828$>=
32,cMN395/$VL
33,qYW023_!
34,fNW665=#Sz`
35,yPH624$|
36,iEP930_>!VCUc
37,oTF013>/jiJ
38,hSK803._RrZhS
39,vMU427~=
40,pVW740.(bd<
41,iQF222#}
42,sMA542%+Ly
43,pVI962_+F?1MKPA
44,"mWA785!'B7}DH,+,"
45,oWX404(/\6O
46,dIV466*@bSYh{>Q
47,fKN268{+T
48,zPD502.@
49,kKI516|?P+o``=<2
50,"zFW294`$e,?{%f"
51,vPW834}'R
52,fOL395`$9RIem8c
53,"wFO921!?!""$a/7Jp"
54,oPV477{<Ie&9
55,eEH360+*%s*11
56,qBZ520*\d1AiHx
57,eTN656/&YSom
58,kNT763_!H~x
59,jHS754/*p8SDN&'
60,iQA014_!!{Y/ZXk@
61,qTP065<<w+
62,rDQ485`~&)f>r
63,yPD145?%q\gf
64,"zZI961$""{B"
65,gBO723@&hF\
66,oGM123}#oQ\lTD
67,pPM523@~Fi
68,"aLW582|%F""Hl\H?"
69,lTK313##
70,kYN400\+E1e
71,"mNM235&""Fg&M"
72,"gYD085,?rz"
73,"tAI960<"""
74,tNN761%$c
75,"yMW063""<Y"
76,"eRL443""_KP"
77,oDQ042<!)'|
78,cGC659>!CVzT_
79,nXY194\@=K#`
80,vLI871/%9C*
81,qLC972_`Q
82,tFG759((3<mX@%V
83,xNW313{>Tz/g9H
84,zQV071/<
85,wVY549&`O/*VN<f.
86,qXL604=_AsJ=\*Y2
87,qZT607?@zk5tz
88,gQH006|=4e
89,mAS718|@Q{eH.}R
90,"vKY100`+s7""8q.D"
91,uAY691$/OU
92,xSI417}\V
93,"tCG269',V"
94,qVH307(|
95,aYF674<.
96,dUD919$|8Fa
97,"iCC171,,Pv\G_=v"
98,"yON503,="
99,"tQB624=,"
100,"kFV815|@O,706n67"
101,wYS233)$(
102,bVQ234#$vrx{91J
103,cZB302}*Q(M
104,iWW881~`_pFoZ
105,bWJ174%=
106,qDN690!{NZ.p*/LC
107,"xTQ602<\gh,Mp"
108,jGQ455}|d_
109,sNA685._d
110,bIU900&`lLQp*#
111,gWN762<'#_X<A>
112,rCS458$'1+VQ>sLo
113,qYJ013&!Rfd5YkL
114,iPX670`!kz#
115,rFJ132\#$01I*
116,"xZU258\#g(""K5"
117,uKO694>+nSRM
118,"qGO875>{,z"
119,gDN484@'g*5
120,"mGQ884""||>,hP0"
121,yDG290_'(
122,"vDX653/""9)0"
123,rQA047)*+
124,tOY211/&
125,fBG008/(55&|DIX
126,cJV051=@H
127,jWN536)\SWjE0<
128,eRZ794#'XKm`a5(
129,dXN570.>
130,xCK830*`{cvj'
131,dSX061>=I`{{9g
132,"lMQ738"">eG"
133,aVX805+</KM
134,hGR820!~EK{&
135,jHH533!!>ef
136,"iIL101/)Y,$l"
137,gIH539&/ED/
138,sEI779<\'reT
139,hVI913>.U#FW.
140,"qCS368>/`,"
141,lFM744|`Ht5N
142,xCG247?|j(3j_P
143,"dTV143$""I<5"
144,dOO167_&
145,dVU486>+
146,tHT581&`
147,"zGT442),ITS"
148,wDJ664.#=)EE}
149,eDI401/!Un.>LU
150,dLN464`%WND?*cSO
151,"kPR733.?F,t,("
152,"sPW375,%$`C"
153,"gXP336,|u&n8JgHC"
154,uET004\$kyZ
155,"hER455""_`JmU<'"
156,jLL299|<h~D
157,kNS883(=FjKWL5
158,gWU194*#OZllH@kR
159,nZX138&&#R7u*
160,pWC517/=2ujJ
161,cFX085.+
162,fPW453\$R\Rj%'
163,sZA991({8u
164,dCT583>`
165,oLI301`>rCX\
166,fKE085.`S<vGfE9
167,"yZE654\{,"
168,eVG080'%gMh0oV
169,gZT617!=qmsn
170,"bVI887@""N*hBRy""X"
171,nJM599\<NgeQ?3
172,tTX408`*Nn'Ca
173,aYL114.\
174,aLH236+.B_c
175,cUA243*{)5n!
176,bBM245_&rcSz}}@
177,qQK070!=vR
178,zCI149`>h4jUr
179,oNP942/`
180,mPQ252\)k~|
181,qGW032|#>o8pdr)
182,fOT871|+&66I
183,gDY625.&COrZEXtP
184,sPK698|<e@e<
185,mRO284@.\
186,"lJQ654@""&"
187,dLL201=<
188,yKA239=*w
189,lQJ790&~2|<B(
190,rPB478'&tzqFh?
191,fXD465&_%*9hes9
192,wQV132/_m$t!(1
193,"hQX170{#Jl""B"
194,"nGN888,*U*x!6"
195,aVX283)='
196,"dHN630`""hSwWI,5n"
197,kOO060'=|S@8<J3N
198,"fZQ544}""g}Y!}(<"
199,dIB364\%Rk{Ai4rp
200,yKX687+.j't1lkB
