id,reacted,body,user_id,post_id
1,2024-04-17 19:38:41,I expected more from this post,158,301
2,2024-08-03 23:03:35,I don't agree with the opinions expressed in this post.,55,87
3,2024-08-28 10:03:41,This post is so well-crafted,181,80
4,2024-03-05 19:38:43,it's so good.,6,274
5,2023-11-29 01:10:54,I'm not sure what to make of this post.,21,21
6,2023-12-05 15:44:27,Not a fan of this post,80,80
7,2025-06-02 01:50:55,This post is a must-read for everyone!,158,118
8,2024-12-25 21:34:49,very disappointing.,2,270
9,2023-08-20 00:54:38,I expected more from this post,168,247
10,2024-01-19 14:48:00,I'm not sure if I agree with the perspectives presented in this post.,177,333
11,2025-03-06 08:41:46,I'm not sure what to think of this post.,174,191
12,2023-09-25 19:13:15,very disappointing.,67,295
13,2024-07-20 16:37:06,I'm so glad I read it.,36,494
14,2025-06-25 12:54:05,I love it!,122,57
15,2024-06-28 15:05:43,I expected more from this post,195,20
16,2024-04-07 11:52:24,This post is so well-researched,170,290
17,2025-06-30 20:59:19,it's unsatisfactory.,83,303
18,2024-02-22 13:09:15,I'm impressed.,70,501
19,2023-12-12 08:46:54,I expected better from this post,26,325
20,2025-05-14 17:48:10,I'm not sure if I agree with the arguments made in this post.,107,72
21,2024-11-14 22:42:53,it's so good!,149,374
22,2024-05-22 10:01:06,I don't think this post is worth the effort,74,108
23,2024-03-08 22:48:26,I'm not sure what to make of this post.,111,366
24,2025-03-28 07:34:02,This post is a gem,139,126
25,2024-11-02 14:44:07,I wish this post had more depth and analysis.,116,128
26,2025-02-10 18:01:17,could be better.,92,324
27,2023-10-26 12:36:45,I'm so grateful for it.,19,448
28,2025-06-23 13:33:50,I expected more from this post,182,124
29,2024-03-20 05:17:23,I wish this post had more depth and analysis.,160,63
30,2024-08-29 07:37:56,it's outstanding!,158,373
31,2023-12-26 09:11:11,This post is a breath of fresh air,35,415
32,2025-05-22 15:31:11,This post is a joy,73,313
33,2024-03-16 23:14:28,thank you!,192,344
34,2024-12-01 13:20:05,This post is so well-written,58,290
35,2025-01-31 02:45:34,I don't think this post is worth the time,131,69
36,2025-02-05 08:34:10,I'm in awe!,23,254
37,2024-03-21 20:46:50,I don't think this post is worth the attention,81,340
38,2024-07-16 04:21:53,I expected better from this post,160,307
39,2024-02-25 16:19:38,This post is so informative,25,422
40,2024-07-18 22:16:55,I'm in awe!,72,507
41,2024-01-25 21:09:38,This post is a joy,13,27
42,2024-06-23 15:21:35,I don't think this post is worth reading,35,111
43,2024-07-14 17:36:25,I'm in awe!,44,103
44,2025-01-12 01:59:54,I'm so grateful for it.,133,264
45,2023-08-22 02:43:52,I'm impressed.,118,6
46,2024-04-11 01:45:02,I don't think this post is worth the attention,46,298
47,2024-12-07 22:36:48,I'm not sure what to make of this post.,137,317
48,2025-01-21 06:09:37,very disappointing.,125,100
49,2023-12-26 04:39:25,I can't stop reading this post,139,377
50,2023-09-01 09:07:29,I expected better from this post,88,216
51,2024-06-03 12:27:39,I disagree with the points made in this post.,106,83
52,2024-10-03 11:10:49,I'm not sure what to make of this post.,21,103
53,2024-04-19 15:10:06,it's amazing!,135,301
54,2024-05-20 19:01:47,Not a fan of this post,159,322
55,2023-08-22 00:19:49,I completely agree with everything in this post.,149,85
56,2025-03-25 19:35:48,I'm not sure what to make of this post.,36,60
57,2024-12-11 15:42:58,very disappointing.,154,375
58,2024-05-16 13:11:35,I can't stop reading this post,27,1
59,2023-08-06 16:07:48,I'm not sure if I agree with the perspectives presented in this post.,33,492
60,2024-12-31 17:41:16,I don't think this post is worth the read,162,34
61,2023-08-12 14:30:44,This post is a game-changer,74,228
62,2024-01-19 01:40:08,thank you!,200,135
63,2025-04-06 08:59:25,I love it!,42,192
64,2025-05-18 02:49:11,I expected more from this post,196,293
65,2023-12-11 12:01:53,I don't think this post is worth the time,69,268
66,2025-01-19 07:17:12,I'm impressed.,160,164
67,2023-11-30 19:14:47,I'm not sure if I agree with the conclusions drawn in this post.,148,402
68,2024-04-14 18:37:50,it's underwhelming.,198,218
69,2025-06-07 07:18:53,I'm so glad I found it.,72,139
70,2024-02-20 09:44:54,it's disappointing.,168,481
71,2024-05-25 01:00:20,I can't stop recommending this post,46,442
72,2024-09-24 21:26:37,This post is just what I needed to hear right now.,138,302
73,2024-06-11 03:18:48,I'm impressed.,195,261
74,2024-02-14 15:33:37,it's so good.,120,73
75,2023-11-04 04:42:19,I expected more from this post,65,339
76,2024-01-25 16:18:54,I love it!,111,411
77,2024-04-02 03:39:13,I love it!,20,108
78,2024-11-17 07:47:10,I love it!,42,407
79,2024-10-02 19:16:20,I can't stop sharing this post,67,446
80,2024-01-16 23:23:43,it's fantastic!,142,240
81,2023-09-09 01:11:52,I expected better from this post,65,51
82,2023-09-09 10:02:43,This post is so well-presented,56,182
83,2024-05-01 10:07:32,very disappointing.,79,403
84,2023-12-29 23:28:17,This post is so well-crafted,196,440
85,2024-07-08 23:00:20,This post is a delight,3,100
86,2024-06-19 04:34:36,This post is a delight,45,251
87,2024-12-23 14:50:16,it's fantastic!,18,315
88,2023-10-04 23:08:44,This post is so well-crafted,182,475
89,2024-09-14 16:18:32,This post is so well-researched,189,166
90,2024-08-17 03:00:51,I'm not sure what to make of this post.,192,302
91,2024-05-04 01:31:45,I'm not sure what to make of this post.,150,230
92,2025-02-19 21:30:43,I'm not sure if I agree with the arguments made in this post.,117,490
93,2024-11-16 18:16:18,it's exceptional!,146,84
94,2024-03-15 12:10:33,nothing special.,19,453
95,2025-02-24 12:55:40,it's disappointing.,180,347
96,2025-04-30 03:51:20,I'm not sure what to think of this post.,115,181
97,2023-12-09 08:52:48,I'm not sure how to interpret this post.,10,380
98,2023-12-31 23:20:20,I'm not sure what to think of this post.,10,189
99,2024-11-01 10:55:18,very disappointing.,55,354
100,2024-10-12 23:42:32,This post is so well-argued,95,42
101,2025-06-30 00:30:39,I'm not impressed by this post,44,92
102,2024-09-16 01:14:24,I'm so glad I stumbled upon it.,144,251
103,2024-06-16 21:41:39,I'm not sure if I agree with the interpretations provided in this post.,109,191
104,2023-12-11 11:02:53,very disappointing.,38,461
105,2025-05-22 08:13:26,This post is so well-structured,26,415
106,2024-02-01 17:22:24,very disappointing.,22,228
107,2025-02-14 16:23:42,I wish this post had more depth and analysis.,24,95
108,2025-05-06 00:17:04,I'm not sure how to respond to this post.,41,217
109,2024-07-07 23:42:02,I expected better from this post,129,324
110,2025-04-26 12:09:35,This post is so well-argued,165,333
111,2023-09-27 07:15:49,it's unsatisfactory.,149,11
112,2024-09-27 15:17:02,I expected better from this post,136,180
113,2024-08-27 20:15:13,This post is so well-structured,80,134
114,2024-02-13 16:16:27,it's disappointing.,102,133
115,2024-08-27 02:44:14,it's disappointing.,188,173
116,2023-09-26 14:41:54,This post is a pleasure,187,380
117,2024-04-07 12:32:00,I'm impressed.,131,268
118,2024-10-01 08:26:53,I'm in awe!,31,214
119,2024-12-18 04:10:32,very disappointing.,125,174
120,2025-01-05 08:18:05,it's subpar.,137,372
121,2024-10-17 03:07:01,I'm so grateful for it.,143,364
122,2024-10-04 12:21:11,I expected better from this post,1,231
123,2024-03-06 14:23:16,This post is a must-read for everyone!,172,203
124,2025-03-30 17:50:54,I love it!,199,39
125,2025-06-19 23:50:32,it's unsatisfactory.,168,112
126,2024-12-11 21:25:54,This post is a revelation,156,219
127,2024-07-10 15:07:00,I disagree with the points made in this post.,156,502
128,2024-11-10 08:02:33,This post is a revelation,134,45
129,2025-02-11 08:09:03,This post is a gem,57,489
130,2023-09-20 08:16:26,This post is a game-changer,187,35
131,2024-07-24 23:12:56,I expected more from this post,23,394
132,2024-01-03 10:41:09,This post is amazing,105,101
133,2025-02-12 22:47:02,This post is a game-changer,82,85
134,2024-04-05 03:03:29,it fell short.,7,380
135,2024-04-01 04:26:46,I love it!,9,484
136,2024-04-16 10:02:25,I can't stop reading this post,73,21
137,2024-12-05 21:16:30,This post is a pleasure,135,133
138,2024-03-18 07:27:59,I love it!,92,118
139,2024-02-28 17:07:49,I don't think this post is worth the attention,70,374
140,2024-01-05 20:12:47,I'm not sure if I agree with the arguments made in this post.,190,100
141,2023-08-18 11:47:06,I'm not sure what to think of this post.,148,21
142,2024-11-12 13:12:38,This post is a gem,68,349
143,2025-03-19 03:40:36,very disappointing.,31,195
144,2024-09-06 18:09:13,This post is a must-read for everyone!,112,359
145,2024-04-07 09:01:51,I'm not sure if I agree with the conclusions drawn in this post.,172,75
146,2023-11-11 05:01:48,I can't stop sharing this post,10,367
147,2025-04-07 01:52:43,it's fantastic!,140,312
148,2024-05-16 07:37:16,it fell short.,130,239
149,2023-12-06 19:03:52,This post is so well-crafted,49,266
150,2024-03-23 19:02:05,it's amazing!,16,470
151,2023-11-06 09:40:06,I expected more from this post,91,504
152,2023-09-03 21:40:50,it's subpar.,86,213
153,2023-12-18 23:52:21,I'm not sure what the author was trying to say in this post.,160,221
154,2024-04-06 21:21:22,This post is so well-crafted,30,30
155,2023-12-22 11:59:57,I'm not sure how to respond to this post.,106,458
156,2025-01-17 07:00:21,very disappointing.,116,64
157,2023-10-06 06:17:16,I expected better from this post,31,492
158,2024-08-31 12:43:05,I'm not sure what to think of this post.,61,299
159,2024-02-12 16:23:31,I'm not impressed by this post,151,433
160,2025-04-01 14:53:10,This post is a treasure,94,148
161,2024-10-12 08:34:49,could be better.,131,420
162,2023-08-05 21:32:03,I love it!,165,17
163,2025-03-04 04:05:11,I'm not sure what to make of this post.,38,1
164,2024-09-21 00:29:13,very disappointing.,24,248
165,2024-01-29 03:46:46,I love it!,172,380
166,2024-11-20 03:20:59,I expected better from this post,98,439
167,2025-07-03 06:24:46,I'm not sure if I agree with the conclusions drawn in this post.,51,322
168,2023-11-23 10:09:14,I'm not sure what to make of this post.,49,261
169,2024-06-16 08:11:45,I'm impressed.,181,135
170,2023-10-17 07:56:57,I love it!,10,430
171,2023-12-09 05:57:12,I'm not sure what to make of this post.,66,61
172,2024-09-18 02:02:01,I'm impressed.,166,82
173,2023-08-09 16:17:35,I love this post! Great job!,30,470
174,2024-09-14 19:18:58,I'm not sure what to make of this post.,18,79
175,2025-01-12 19:40:21,This post is a gem,127,354
176,2024-01-27 20:52:17,I'm not sure what to make of this post.,126,422
177,2025-05-20 22:10:35,This post is so well-researched,171,410
178,2025-01-10 08:55:09,it's outstanding!,89,97
179,2024-03-17 16:34:55,I'm not sure how to interpret this post.,91,164
180,2024-04-07 15:03:03,I'm not sure what to think of this post.,146,105
181,2025-05-04 22:27:52,I can't stop reading this post,87,156
182,2025-06-26 01:42:45,I don't agree with the opinions expressed in this post.,163,97
183,2024-02-15 15:31:44,I love it!,9,46
184,2024-01-25 14:36:51,could be better.,187,106
185,2024-04-20 17:01:07,I'm so grateful for it.,164,117
186,2024-08-04 05:22:24,I don't think this post is worth the effort,16,497
187,2024-01-08 12:23:06,it's lacking.,15,153
188,2023-08-30 20:38:55,I'm so glad I read it.,106,151
189,2023-08-24 12:35:48,I'm in awe!,97,372
190,2025-05-24 06:47:56,very disappointing.,191,364
191,2023-11-09 04:25:35,well done!,167,342
192,2024-05-03 15:50:59,I'm not sure if I agree with the perspectives presented in this post.,18,82
193,2023-12-16 21:52:46,I can't stop sharing this post,94,425
194,2025-02-04 09:39:30,This post is a joy,42,347
195,2023-08-27 19:29:28,This post is a delight,150,3
196,2024-12-15 00:26:52,I'm so glad I stumbled upon it.,175,52
197,2025-01-24 09:53:19,it's amazing!,116,166
198,2024-12-06 09:20:34,I don't think this post is worth reading,129,342
199,2024-10-10 11:33:51,I'm impressed.,96,103
200,2024-06-03 22:04:00,I can't stop thinking about this post,31,88
201,2023-09-01 05:13:25,I don't think this post is worth the time,77,432
202,2024-11-09 07:10:00,I'm not sure if I agree with the conclusions drawn in this post.,16,164
203,2024-09-14 02:02:31,I'm so grateful for it.,143,102
204,2024-11-02 09:25:50,I'm impressed.,121,465
205,2025-01-22 22:17:02,I wish this post had more depth and analysis.,83,122
206,2023-11-15 18:09:18,I expected more from this post,165,354
207,2025-02-25 16:41:26,it's disappointing.,115,60
208,2024-07-17 12:08:09,This post is a pleasure,49,23
209,2024-08-12 17:49:00,I don't agree with the opinions expressed in this post.,97,432
210,2023-10-01 15:09:52,I'm not sure how to respond to this post.,103,166
211,2023-10-30 22:18:00,I'm not sure if I agree with the interpretations provided in this post.,186,407
212,2025-04-26 05:16:58,it's so good.,63,229
213,2023-11-23 16:11:09,This post is a joy,106,4
214,2024-11-18 03:01:05,it's a letdown.,12,53
215,2023-08-31 13:32:18,This post is so informative,85,413
216,2024-07-18 06:53:53,This post is so well-structured,199,67
217,2023-09-21 14:12:59,I love this post! Great job!,188,472
218,2024-09-24 07:37:45,very disappointing.,162,324
219,2024-06-07 14:14:32,I'm not impressed by this post,7,275
220,2023-09-24 08:38:50,I can't stop sharing this post,106,251
221,2024-04-01 15:36:37,very disappointing.,14,209
222,2025-04-26 02:43:33,This post is so well-argued,69,451
223,2024-07-05 16:40:47,I'm impressed.,63,29
224,2025-03-12 23:40:11,it's disappointing.,174,222
225,2025-05-02 04:02:01,I wish this post had more depth and analysis.,41,442
226,2024-10-11 01:12:45,it's exceptional!,113,77
227,2024-07-24 23:04:52,nothing special.,54,316
228,2023-11-23 20:51:54,I'm not sure what to make of this post.,86,475
229,2025-01-16 11:07:09,I'm impressed.,82,319
230,2024-02-14 07:07:25,This post is so well-argued,30,345
231,2024-07-18 22:04:07,I expected more from this post,96,10
232,2025-06-11 21:40:48,This post is so well-researched,168,298
233,2024-03-12 23:47:20,I can't stop praising this post,24,405
234,2024-12-09 23:08:46,I'm not sure how to interpret this post.,75,488
235,2025-06-20 10:29:11,it's addictive!,109,222
236,2024-02-03 23:59:27,I'm not impressed by this post,40,191
237,2025-02-25 19:40:27,This post is a waste of time,62,391
238,2023-12-02 09:46:59,I don't think this post is worth the attention,107,483
239,2023-09-05 06:28:17,I'm not sure if I agree with the perspectives presented in this post.,126,413
240,2023-08-25 05:13:26,I completely agree with everything in this post.,3,144
241,2024-12-28 20:15:36,I'm impressed.,99,38
242,2024-01-22 06:37:04,This post is a treasure,179,72
243,2024-10-10 00:40:10,I'm so grateful for it.,10,427
244,2025-04-22 16:05:08,I have mixed feelings about this post.,3,50
245,2025-02-25 08:28:00,I'm not sure what to make of this post.,71,443
246,2024-02-26 15:51:39,it's disappointing.,174,248
247,2025-01-17 03:46:17,This post is so well-crafted,26,410
248,2025-01-21 21:28:51,it's so good!,174,16
249,2023-10-02 02:40:40,This post is a gem,134,113
250,2025-04-30 21:43:20,This post is so well-researched,65,124
251,2023-08-23 21:36:15,I'm so grateful for it.,176,251
252,2025-03-15 02:04:00,This post is so well-written,104,58
253,2024-02-15 22:36:05,I don't agree with the opinions expressed in this post.,172,142
254,2024-05-14 16:53:47,it fell short.,156,343
255,2023-11-16 02:29:07,This post is just what I needed to hear right now.,92,239
256,2025-04-13 07:01:08,This post is so well-argued,195,88
257,2024-08-06 23:13:08,could be better.,28,44
258,2023-08-05 14:49:40,This post is so well-written,120,163
259,2024-08-26 09:56:47,I don't think this post is worth the read,82,274
260,2024-03-10 17:27:49,This post is so well-crafted,178,484
261,2023-09-05 04:08:52,I'm not sure if I agree with the perspectives presented in this post.,105,63
262,2024-04-08 18:01:14,I'm so glad I stumbled upon it.,5,69
263,2024-06-19 06:07:49,very disappointing.,128,58
264,2025-04-06 13:24:29,it's so good!,148,12
265,2024-09-20 07:18:52,well done!,23,471
266,2024-01-21 23:45:55,I'm not impressed by this post,73,385
267,2024-11-15 02:18:55,I'm so grateful for it.,132,294
268,2024-05-31 22:05:03,I love it!,159,243
269,2025-04-17 10:33:07,This post is a waste of time,119,157
270,2024-07-30 04:30:41,I'm not sure how to respond to this post.,181,60
271,2025-02-27 07:45:27,This post is a treasure,157,435
272,2024-10-26 07:22:19,I'm so happy I read it.,128,262
273,2023-12-07 09:32:39,I'm so glad I stumbled upon it.,145,487
274,2024-10-31 17:11:02,it lacks substance.,21,345
275,2024-01-24 00:20:36,I expected more from this post,44,490
276,2024-04-08 05:52:55,I'm impressed.,19,493
277,2025-06-23 21:18:41,it's underwhelming.,140,345
278,2024-06-19 14:09:20,nothing special.,128,439
279,2023-11-04 15:33:12,it's outstanding!,111,85
280,2024-11-07 00:41:00,I'm not sure how to respond to this post.,128,84
281,2023-08-19 23:09:50,I completely agree with everything in this post.,88,450
282,2023-10-06 11:02:24,nothing special.,7,204
283,2024-11-21 19:23:17,I can't stop reading this post,57,428
284,2024-08-18 17:06:24,I'm impressed.,41,343
285,2023-09-09 13:49:26,This post is a game-changer,158,460
286,2023-08-14 20:57:08,it lacks substance.,200,367
287,2024-08-29 11:03:26,I'm not sure what to think of this post.,47,54
288,2023-09-21 22:42:47,I can't believe how much I learned from this post.,113,362
289,2025-02-01 14:23:04,This post is a pleasure,71,283
290,2024-11-24 01:09:55,This post is a pleasure,79,328
291,2024-06-28 18:14:24,I love it!,182,139
292,2023-11-09 06:11:12,I can't stop sharing this post,93,342
293,2024-08-15 07:24:51,I'm in awe!,26,485
294,2023-10-09 19:56:34,This post is so well-structured,30,43
295,2024-02-13 22:13:58,This post is so informative,149,76
296,2023-10-17 17:58:55,very disappointing.,111,183
297,2025-03-11 11:03:36,I can't stop thinking about this post,75,370
298,2025-02-16 05:22:47,I can't stop talking about this post,114,320
299,2024-05-31 12:16:10,I'm so glad I stumbled upon it.,136,120
300,2024-03-23 12:59:37,I love it!,83,170
301,2023-11-28 01:48:56,I'm so grateful for it.,160,13
302,2023-12-30 09:57:37,it's addictive!,42,143
303,2023-12-14 01:56:34,I'm not sure what to think of this post.,69,470
304,2025-06-28 04:22:38,This post is a pleasure,111,279
305,2025-05-29 19:03:17,I love it!,119,53
306,2023-09-12 09:50:05,I can't stop talking about this post,153,207
307,2025-02-11 00:59:17,it's addictive!,20,389
308,2024-09-10 02:47:44,This post is a gem,31,3
309,2024-07-14 14:33:21,I don't think this post is worth reading,114,54
310,2025-06-07 15:36:05,I can't stop praising this post,72,169
311,2025-02-24 16:25:41,I can't stop reading this post,53,268
312,2025-05-23 08:10:41,I'm not sure what to think of this post.,106,191
313,2024-03-06 23:52:02,I can't get enough of this post,21,296
314,2024-03-06 11:20:27,This post is just what I needed,154,166
315,2025-04-03 01:17:54,I'm so grateful for it.,42,409
316,2023-08-17 09:34:24,I have mixed feelings about this post.,13,175
317,2025-03-31 18:51:13,This post is so well-structured,155,385
318,2023-10-15 20:54:58,it's amazing!,64,368
319,2023-09-15 17:28:28,I can't stop talking about this post,10,201
320,2023-12-16 17:49:19,This post is a pleasure,199,280
321,2024-10-27 11:22:05,it's addictive!,149,309
322,2023-12-04 17:37:51,I'm not sure what to make of this post.,108,5
323,2025-04-13 11:52:18,it's lacking.,4,169
324,2023-08-13 14:44:35,it's lacking.,135,75
325,2024-04-23 12:04:50,I expected more from this post,3,95
326,2024-01-17 03:30:42,I'm not sure if I agree with the interpretations provided in this post.,27,434
327,2024-07-29 00:37:19,it's outstanding!,23,154
328,2023-09-02 15:20:40,This post is just what I needed to hear right now.,167,76
329,2024-04-01 14:26:02,I'm impressed.,32,468
330,2023-11-08 18:14:03,I'm not sure what to make of this post.,56,495
331,2024-06-25 04:51:36,it's lacking.,19,153
332,2025-04-13 19:23:52,I'm not sure what to think of this post.,84,52
333,2024-06-09 14:10:22,very disappointing.,64,148
334,2024-02-22 21:56:45,I can't stop reading it!,129,495
335,2023-08-11 07:19:20,This post is so well-presented,29,209
336,2024-01-14 15:35:23,I can't believe how much I learned from this post.,142,305
337,2025-02-25 00:56:43,I don't think this post is worth the effort,74,320
338,2025-05-29 07:28:16,This post is just what I needed,120,21
339,2024-03-08 14:19:25,I don't think this post is worth the attention,200,287
340,2025-05-18 21:11:09,I don't understand the point of this post.,21,342
341,2024-01-03 04:40:13,I'm not sure what the author was trying to say in this post.,44,429
342,2025-05-26 00:47:36,I love this post! Great job!,175,415
343,2024-07-21 01:30:53,This post is amazing,91,346
344,2025-04-15 01:20:17,I'm not sure what to make of this post.,103,435
345,2024-10-27 09:54:05,This post is a masterpiece,195,14
346,2023-11-06 23:22:53,I'm impressed.,164,105
347,2025-06-12 05:43:57,I'm impressed.,51,397
348,2023-08-13 11:55:55,it's subpar.,81,92
349,2024-04-23 22:53:55,it's amazing!,3,274
350,2025-02-19 22:44:46,This post is so well-structured,84,114
351,2023-12-15 13:53:01,This post is so well-crafted,41,242
352,2024-05-12 15:56:01,I'm not sure if I agree with the viewpoints expressed in this post.,5,69
353,2025-01-10 01:13:18,it's so good.,54,344
354,2023-09-06 19:43:17,This post is so well-presented,105,121
355,2023-10-10 07:25:15,I'm so grateful for it.,127,210
356,2024-05-15 21:44:58,This post is a gem,197,209
357,2023-08-22 17:26:01,I'm not sure if I agree with the interpretations provided in this post.,19,453
358,2024-11-03 22:00:24,This post is so relatable,57,357
359,2024-08-17 19:02:46,I'm not sure if I agree with the perspectives presented in this post.,80,86
360,2024-01-09 15:01:44,I love it!,98,495
361,2024-06-29 10:10:24,it's disappointing.,85,480
362,2024-05-18 17:19:18,it's unsatisfactory.,56,330
363,2024-06-14 11:08:12,I'm impressed.,33,362
364,2025-05-11 21:38:12,I'm not sure if I agree with the interpretations provided in this post.,153,371
365,2023-12-19 20:29:29,very disappointing.,28,114
366,2024-06-29 01:22:52,I'm not sure what to make of this post.,200,188
367,2023-12-07 13:24:24,This post is so relatable,52,500
368,2024-04-14 02:35:13,I love it!,24,101
369,2024-09-24 07:47:34,I expected more from this post,127,143
370,2023-08-26 15:04:46,I'm blown away!,184,265
371,2024-11-10 20:49:02,I expected more from this post,62,308
372,2024-12-30 17:12:36,I'm not sure if I agree with the arguments made in this post.,154,328
373,2025-05-30 15:00:48,it's amazing!,130,396
374,2024-06-12 10:08:33,I can't stop talking about this post,80,415
375,2025-06-07 23:03:29,well done!,84,444
376,2023-12-11 09:04:46,I don't agree with the opinions expressed in this post.,42,131
377,2025-06-26 12:25:09,This post is a revelation,87,149
378,2023-09-30 07:35:31,very disappointing.,79,122
379,2025-04-24 05:39:11,This post is a game-changer,169,195
380,2025-06-11 17:54:44,I don't think this post is worth the effort,88,138
381,2023-12-05 16:22:22,I love it!,187,278
382,2025-04-11 20:57:23,I'm not sure what to make of this post.,55,410
383,2024-07-01 19:53:32,it's so good!,88,276
384,2024-11-07 13:34:30,I can't stop reading this post,18,118
385,2024-03-07 12:55:43,I'm not sure if I agree with the arguments made in this post.,39,211
386,2023-09-25 00:42:24,it's disappointing.,47,239
387,2024-10-24 12:01:28,I love it!,15,238
388,2023-09-13 06:38:49,This post is just what I needed to hear right now.,150,14
389,2023-12-27 05:37:04,I'm so happy I read it.,156,461
390,2024-10-10 04:08:44,I expected more from this post,186,343
391,2023-09-26 22:11:28,I don't agree with the opinions expressed in this post.,111,429
392,2024-02-12 16:37:45,I'm not sure if I agree with the perspectives presented in this post.,184,491
393,2024-07-16 12:11:39,I don't think this post is worth the time,117,149
394,2024-06-05 03:39:54,I expected more from this post,175,182
395,2024-07-21 09:46:58,This post is a masterpiece,23,250
396,2024-04-17 16:19:02,This post is so well-researched,70,246
397,2025-05-24 09:02:11,it's lacking.,7,222
398,2024-08-20 17:42:45,nothing special.,181,13
399,2023-11-09 19:05:09,it's amazing!,7,466
400,2025-03-17 12:29:59,This post is okay,138,343
401,2024-03-17 01:10:45,This post is a gem,33,341
402,2024-04-26 10:02:52,I love it!,165,206
403,2024-06-17 22:01:53,it's so good!,11,62
404,2024-01-14 05:58:36,I'm not impressed by this post,98,394
405,2024-11-05 22:27:04,This post is a treasure,94,306
406,2024-06-03 21:04:17,it's so good!,44,471
407,2023-09-28 17:49:23,very disappointing.,64,499
408,2024-01-15 13:03:25,This post is a revelation,186,84
409,2024-03-02 18:56:53,it's outstanding!,81,50
410,2025-04-16 07:10:12,very disappointing.,175,341
411,2025-04-12 12:43:26,very disappointing.,145,12
412,2024-01-22 09:14:08,I expected more from this post,172,350
413,2025-04-07 06:54:11,This post is just what I needed,172,428
414,2023-10-08 14:01:06,This post is so well-argued,136,402
415,2023-10-07 21:44:07,very disappointing.,159,351
416,2023-10-28 05:00:14,This post is just what I needed,76,167
417,2024-11-19 06:25:43,very disappointing.,162,271
418,2023-11-03 06:59:17,I don't think this post is worth the effort,95,271
419,2024-06-16 05:46:15,it's disappointing.,20,352
420,2025-05-16 02:58:27,This post is amazing,139,35
421,2024-02-20 02:02:04,This post is a treasure,162,75
422,2024-12-16 12:58:38,I'm so happy I read it.,86,270
423,2024-10-08 12:22:37,This post is so well-argued,134,493
424,2023-12-13 02:25:41,I expected better from this post,103,384
425,2023-11-20 06:12:15,This post is so well-argued,53,42
426,2025-03-20 19:36:40,very disappointing.,168,72
427,2023-08-20 20:36:07,This post is a pleasure,64,393
428,2024-04-06 10:42:55,This post is just what I needed to hear right now.,46,315
429,2024-09-29 15:12:12,This post is a gem,158,52
430,2023-12-31 04:22:15,I'm impressed.,5,258
431,2024-02-08 02:01:56,very disappointing.,126,37
432,2023-12-25 14:14:36,This post is a revelation,145,87
433,2024-11-20 05:20:51,I can't stop sharing this post,152,270
434,2023-08-30 02:42:08,I wish this post had more depth and analysis.,182,242
435,2024-11-04 14:18:41,This post is a game-changer,105,171
436,2023-10-16 05:20:35,I don't think this post is worth the attention,178,34
437,2025-03-15 00:36:44,I can't stop sharing this post,67,35
438,2023-08-26 14:57:49,I don't think this post is worth reading,154,223
439,2024-06-21 20:11:06,I'm impressed.,125,467
440,2024-12-27 10:11:27,I'm not sure what the author was trying to say in this post.,38,507
441,2025-04-20 15:02:53,it's amazing!,122,38
442,2024-03-07 18:24:37,I love it!,156,426
443,2023-09-08 21:22:57,very disappointing.,178,473
444,2025-05-29 00:10:55,it's addictive!,195,167
445,2025-06-05 01:24:34,it's lacking.,117,423
446,2025-02-06 01:57:59,I love it!,185,195
447,2024-12-06 07:08:36,I expected more from this post,26,227
448,2025-06-02 21:41:23,This post is a pleasure,58,437
449,2023-08-17 11:22:40,it's so good!,29,104
450,2023-09-09 11:58:13,I can't stop reading this post,24,231
451,2023-12-07 00:05:28,I can't stop reading it!,182,170
452,2024-06-11 07:54:01,I love it!,24,58
453,2023-12-12 11:59:24,I don't think this post is worth the attention,167,96
454,2025-04-14 05:38:34,I'm so grateful for it.,6,94
455,2024-01-01 22:16:40,I can't stop talking about this post,100,454
456,2024-08-12 04:04:17,I can't stop talking about this post,163,298
457,2024-01-27 13:26:20,I love it!,154,110
458,2025-03-25 22:42:44,I'm not sure what the author was trying to say in this post.,125,107
459,2023-09-22 18:03:04,I'm impressed.,34,258
460,2024-03-14 21:32:35,very disappointing.,200,388
461,2023-09-17 22:47:21,I can't stop sharing this post,143,177
462,2025-01-11 11:14:12,I'm in awe!,71,271
463,2025-02-26 23:16:34,I don't think this post is worth the time,37,332
464,2024-08-23 04:54:55,I'm not sure if I agree with the perspectives presented in this post.,24,203
465,2024-07-03 05:16:08,very disappointing.,3,140
466,2025-04-27 08:52:40,I'm so grateful for it.,75,34
467,2023-08-14 16:58:28,I expected better from this post,28,242
468,2025-01-15 17:38:04,I can't stop reading it!,137,499
469,2023-09-19 22:45:02,I'm impressed.,140,140
470,2024-05-10 10:52:45,I'm not sure how to interpret this post.,163,295
471,2023-11-25 19:05:31,This post is a delight,189,476
472,2025-06-25 06:54:47,I found this post to be very helpful and insightful.,9,193
473,2023-09-05 12:49:49,I love this post! Great job!,146,399
474,2025-03-25 01:21:47,This post is a must-read for everyone!,134,82
475,2025-02-19 07:12:33,I'm not sure how to interpret this post.,40,302
476,2024-08-19 02:24:39,This post is a pleasure,113,477
477,2025-02-18 16:04:40,This post is a joy,101,177
478,2025-06-13 21:18:17,I'm so grateful for it.,108,279
479,2023-10-12 19:11:40,I'm so glad I read it.,128,493
480,2024-10-31 23:51:12,I'm not sure how to respond to this post.,171,291
481,2025-01-15 14:18:53,it's exceptional!,116,209
482,2023-12-20 03:13:26,I don't think this post is worth the read,24,461
483,2025-01-11 12:34:41,I can't believe how much I learned from this post.,137,503
484,2024-01-02 18:56:40,I don't think this post is worth the effort,101,214
485,2024-08-15 20:26:44,I love this post! Great job!,159,210
486,2025-06-18 07:21:25,I can't stop sharing this post,147,259
487,2025-01-17 22:28:35,I'm so grateful for it.,132,322
488,2024-12-02 12:37:04,very disappointing.,115,358
489,2025-06-06 20:17:17,it's subpar.,71,497
490,2023-12-10 17:29:06,I'm blown away!,159,114
491,2025-01-07 04:02:52,I'm so grateful for it.,16,436
492,2023-09-09 21:55:35,I'm not sure if I agree with the interpretations provided in this post.,35,219
493,2025-02-26 21:45:57,very disappointing.,195,6
494,2024-11-02 19:47:15,This post is so well-written,96,340
495,2025-07-02 01:12:20,it's lacking.,135,460
496,2025-04-04 14:15:35,I'm not sure if I agree with the interpretations provided in this post.,7,344
497,2023-11-25 23:10:54,very disappointing.,199,102
498,2024-05-16 02:59:22,I'm so happy I read it.,156,11
499,2024-12-23 01:57:19,I don't understand the point of this post.,164,143
500,2023-11-03 15:46:47,I can't get enough of this post,63,308
501,2023-09-15 06:46:08,This post is so well-researched,200,180
502,2025-04-20 10:42:22,thank you!,160,61
503,2025-02-10 23:20:04,This post is a gem,111,16
504,2024-04-08 13:50:48,it's outstanding!,153,159
505,2024-03-03 03:52:40,I'm impressed.,82,190
506,2024-02-28 22:16:27,I completely agree with everything in this post.,35,35
507,2023-12-01 15:43:39,This post is just what I needed to hear right now.,25,387
508,2025-04-19 19:35:02,I'm so glad I stumbled upon it.,103,345
509,2024-08-06 04:25:22,it's disappointing.,34,181
510,2024-08-19 08:21:39,I'm not sure if I agree with the arguments made in this post.,97,50
511,2024-05-14 06:32:45,I don't think this post is worth the read,175,210
512,2023-11-07 09:58:01,it fell short.,78,353
513,2025-01-20 23:01:59,This post is a masterpiece,139,288
514,2024-08-27 06:12:57,I'm not sure if I agree with the viewpoints expressed in this post.,154,59
515,2024-08-11 23:57:50,This post is a must-read for everyone!,113,14
516,2024-03-24 04:28:05,it's so good!,70,493
517,2025-03-05 06:46:12,I'm not sure how to respond to this post.,163,125
518,2024-09-10 02:45:20,This post is a delight,21,393
519,2023-09-26 21:36:59,very disappointing.,135,258
520,2024-07-15 02:41:51,it's exceptional!,60,75
521,2024-02-03 03:09:45,I can't stop sharing this post,171,368
522,2023-09-18 07:42:55,very disappointing.,3,41
523,2025-05-02 07:36:10,I love it!,148,382
524,2025-01-22 21:23:29,I'm so grateful for it.,82,317
525,2024-11-02 01:20:32,I can't believe how much I learned from this post.,18,226
526,2024-03-15 17:46:35,I don't think this post is worth the time,184,91
527,2024-07-24 13:11:00,I expected more from this post,150,485
528,2025-02-06 23:29:36,it's lacking.,106,277
529,2023-11-08 12:02:39,I'm not sure what to make of this post.,30,115
530,2023-09-20 02:19:12,This post is a gem,62,1
531,2024-09-14 14:20:12,I'm not sure if I agree with the viewpoints expressed in this post.,195,296
532,2025-03-17 14:32:39,I completely agree with everything in this post.,100,184
533,2024-06-24 05:08:57,I can't stop sharing this post,122,487
534,2024-02-09 10:51:38,This post is so well-structured,90,202
535,2024-04-02 12:07:24,I don't think this post is worth the time,45,257
536,2023-10-15 00:10:48,I'm blown away!,157,15
537,2025-02-18 18:39:10,it fell short.,62,281
538,2024-10-29 19:42:01,This post is so informative,32,131
539,2024-05-13 13:41:17,This post is okay,157,69
540,2024-12-04 02:18:21,This post is a must-read for everyone!,121,143
541,2024-05-27 13:14:25,it's exceptional!,59,375
542,2024-07-13 03:02:05,I'm not sure how to respond to this post.,28,284
543,2024-07-31 13:44:38,I'm not sure how to interpret this post.,11,85
544,2025-01-01 16:57:31,it's outstanding!,104,277
545,2023-09-25 02:23:40,I completely agree with everything in this post.,49,443
546,2024-05-21 04:56:17,I'm not sure how to interpret this post.,37,345
547,2024-02-24 19:54:47,I don't agree with the opinions expressed in this post.,139,45
548,2025-04-09 18:57:24,I don't think this post is worth the read,97,326
549,2024-10-15 02:36:06,I'm so glad I stumbled upon it.,41,388
550,2025-01-15 11:42:46,This post is a gem,193,188
551,2025-02-14 05:09:08,This post is a gem,160,482
552,2024-09-01 01:12:41,I don't think this post is worth the effort,113,165
553,2024-11-24 02:59:24,I'm so grateful for it.,134,98
554,2025-04-04 23:36:13,I can't stop sharing this post,5,27
555,2024-11-09 12:00:25,I disagree with the points made in this post.,185,480
556,2024-10-03 17:58:45,This post is so well-argued,89,237
557,2023-11-19 17:38:09,I'm so happy I read it.,200,19
558,2023-12-01 14:31:56,This post is a revelation,86,221
559,2025-05-20 11:24:48,I'm not impressed by this post,14,498
560,2025-04-14 19:50:44,This post is so well-written,152,187
561,2024-06-10 18:26:56,I'm impressed.,135,151
562,2024-01-16 06:01:41,it's so good!,17,192
563,2023-09-10 17:28:04,could be better.,63,219
564,2024-01-23 09:14:35,it's disappointing.,114,480
565,2024-12-17 16:45:40,I completely agree with everything in this post.,118,61
566,2024-07-11 03:22:32,I expected better from this post,120,466
567,2024-02-21 13:06:00,I'm not sure if I agree with the conclusions drawn in this post.,137,357
568,2025-01-27 04:32:29,I'm so grateful for it.,41,198
569,2023-10-28 01:37:20,This post is so well-argued,101,346
570,2025-04-03 12:32:47,very disappointing.,110,2
571,2025-05-12 05:25:55,I don't think this post is worth the time,123,67
572,2024-04-07 01:48:38,I can't stop talking about this post,57,250
573,2024-03-16 09:59:21,This post is a revelation,111,63
574,2025-02-11 10:05:10,This post is okay,134,384
575,2024-07-29 18:42:33,I don't think this post is worth the attention,22,79
576,2025-04-29 23:49:35,I love it!,86,312
577,2024-08-21 02:25:52,I'm so grateful for it.,47,364
578,2024-05-12 08:23:39,This post is just what I needed,131,37
579,2024-07-07 16:21:57,I can't stop reading it!,84,133
580,2025-02-19 21:19:24,I'm not sure if I agree with the arguments made in this post.,9,64
581,2023-11-02 13:44:03,I'm not sure if I agree with the interpretations provided in this post.,139,444
582,2024-10-27 03:44:39,This post is so informative,120,147
583,2023-09-22 03:13:41,This post is a pleasure,143,474
584,2025-02-24 02:24:03,I'm so grateful for it.,121,195
585,2024-08-17 08:03:04,This post is so well-presented,16,472
586,2024-09-18 13:12:44,I'm blown away by the quality of this post.,27,219
587,2024-09-28 13:11:13,This post is a gem,98,122
588,2025-02-01 18:19:00,This post is a pleasure,17,324
589,2024-12-06 12:11:29,I'm impressed.,184,416
590,2024-07-23 22:44:02,I expected more from this post,26,502
591,2023-11-12 19:17:24,I'm in awe!,74,99
592,2024-10-26 04:41:51,I don't think this post is worth the attention,55,357
593,2024-04-30 21:48:55,I'm not sure if I agree with the conclusions drawn in this post.,14,185
594,2025-05-05 10:44:30,I can't stop reading it!,68,156
595,2023-11-07 09:36:19,very disappointing.,182,481
596,2024-09-12 16:09:23,I'm so happy I read it.,60,311
597,2023-12-10 08:24:42,I'm in awe!,43,93
598,2024-11-18 08:03:14,it's exceptional!,124,27
599,2025-05-25 10:36:18,I'm not impressed by this post,172,487
600,2024-09-09 18:41:09,I'm impressed.,75,443
601,2025-04-05 14:54:15,I'm so grateful for it.,101,91
602,2024-01-02 04:14:29,I wish this post had more depth and analysis.,137,489
603,2024-02-04 06:45:11,it's so good!,119,251
604,2024-01-22 01:15:33,I'm not sure if I agree with the perspectives presented in this post.,39,188
605,2024-04-01 22:01:55,This post is so well-written,154,431
606,2025-06-28 06:34:59,I'm not sure if I agree with the conclusions drawn in this post.,59,123
607,2024-08-12 11:41:33,This post is amazing,109,239
608,2025-04-06 13:55:54,I can't stop recommending this post,35,208
609,2024-10-01 16:40:38,This post is a treasure,68,266
610,2024-09-04 01:47:43,I'm impressed.,189,271
611,2025-03-25 20:43:38,This post is just what I needed,29,142
612,2024-05-27 11:47:08,it lacks substance.,152,399
613,2023-12-01 10:36:38,I can't stop praising this post,81,286
614,2023-10-17 05:06:09,This post is so well-argued,129,439
615,2024-09-20 09:30:15,I'm so grateful for it.,63,90
616,2024-09-23 17:27:03,it's outstanding!,50,334
617,2024-03-14 17:02:58,it's so good.,182,434
618,2023-09-23 15:15:37,I'm impressed.,176,379
619,2024-04-05 23:04:42,very disappointing.,153,62
620,2025-06-13 10:51:42,I'm not sure how to interpret this post.,60,483
621,2025-04-27 02:21:42,I expected more from this post,123,453
622,2024-06-01 11:33:08,I'm in awe!,136,428
623,2025-01-09 20:37:33,I love it!,185,333
624,2023-10-20 12:51:37,I'm not sure if I agree with the conclusions drawn in this post.,174,462
625,2025-02-24 19:41:46,I'm so glad I stumbled upon it.,117,317
626,2024-06-21 03:51:20,I'm in awe!,174,324
627,2023-09-05 01:08:54,I'm not sure what to think of this post.,30,217
628,2024-04-16 11:48:02,it's amazing!,157,428
629,2024-08-08 23:09:48,I'm impressed.,11,417
630,2025-05-20 00:13:11,it's amazing!,188,164
631,2023-09-07 05:16:43,I expected more from this post,62,75
632,2025-04-22 15:14:04,This post is okay,81,237
633,2025-06-19 21:40:56,I found this post to be very helpful and insightful.,48,62
634,2024-04-02 06:09:14,I can't stop recommending this post,67,476
635,2025-06-04 21:06:00,This post is so well-crafted,167,434
636,2025-04-06 10:23:42,I'm so glad I stumbled upon it.,13,501
637,2024-12-05 13:00:31,I'm not sure what to make of this post.,73,261
638,2024-12-05 09:39:13,I have mixed feelings about this post.,48,106
639,2025-04-17 21:22:13,it's so good!,147,431
640,2023-12-24 02:50:02,This post is so relatable,166,465
641,2023-10-01 21:54:04,This post is a game-changer,151,362
642,2024-05-08 05:30:11,I love it!,77,191
643,2024-05-15 20:28:01,I can't stop reading it!,43,396
644,2023-09-28 13:01:27,This post is a gem,186,401
645,2024-03-25 05:11:35,I expected better from this post,130,481
646,2024-11-14 14:09:55,This post is a gem,10,183
647,2023-12-27 19:37:13,I don't think this post is worth the effort,44,443
648,2023-09-28 09:40:14,I expected more from this post,136,251
649,2024-12-18 06:24:30,very disappointing.,59,207
650,2024-03-07 16:07:49,I expected more from this post,121,319
651,2025-05-28 10:14:51,I'm impressed.,47,4
652,2024-08-21 16:53:06,I love it!,77,206
653,2023-08-12 00:56:15,I expected more from this post,64,292
654,2024-09-20 14:38:32,This post is a revelation,195,349
655,2024-03-28 01:10:01,I'm impressed.,124,447
656,2024-01-11 14:27:18,could be better.,26,252
657,2023-11-15 17:21:59,I have mixed feelings about this post.,46,379
658,2024-04-28 04:44:13,thank you!,194,454
659,2024-01-04 05:22:38,I'm impressed.,60,377
660,2024-01-30 22:11:35,I completely agree with everything in this post.,142,342
661,2024-04-30 07:52:26,I'm impressed.,169,159
662,2024-12-18 03:50:42,it's unsatisfactory.,3,229
663,2023-11-21 15:50:12,This post is so well-researched,48,353
664,2023-08-11 23:35:55,could be better.,53,277
665,2024-07-16 11:22:54,well done!,84,221
666,2024-11-19 05:31:21,it's outstanding!,66,372
667,2025-03-27 02:06:08,I'm so glad I found it.,147,400
668,2024-05-01 13:12:18,it's so good.,150,137
669,2023-12-04 16:17:27,I'm impressed.,136,214
670,2025-04-06 09:18:17,it lacks substance.,164,256
671,2024-01-15 00:47:11,very disappointing.,163,15
672,2025-03-05 23:40:42,I'm not sure if I agree with the conclusions drawn in this post.,97,281
673,2024-06-28 22:13:30,it lacks substance.,115,93
674,2024-05-27 18:45:23,I'm blown away!,13,297
675,2024-05-29 21:12:09,very disappointing.,78,404
676,2025-04-23 03:36:45,it fell short.,159,435
677,2025-04-15 01:44:16,I'm impressed.,142,131
678,2024-02-08 19:57:17,I'm in awe!,158,190
679,2024-01-15 03:28:34,I love it!,6,342
680,2024-01-04 05:01:32,I love it!,44,335
681,2023-11-04 04:15:49,I wish this post had more depth and analysis.,189,216
682,2023-12-27 06:51:42,I love it!,129,485
683,2024-06-24 19:01:32,I'm not sure what to make of this post.,10,249
684,2023-12-27 22:04:47,very disappointing.,133,185
685,2024-11-16 01:30:59,well done!,133,339
686,2024-06-02 09:03:23,I'm blown away by the quality of this post.,9,431
687,2023-10-24 12:29:22,very disappointing.,122,242
688,2025-03-05 18:17:44,This post is so relatable,25,85
689,2024-06-02 03:01:22,This post is a pleasure,114,132
690,2024-12-21 20:28:36,I'm not sure if I agree with the conclusions drawn in this post.,159,276
691,2025-05-24 13:52:24,I expected more from this post,20,37
692,2025-04-05 01:52:06,very disappointing.,45,397
693,2025-02-09 17:26:05,very disappointing.,8,228
694,2024-09-13 19:55:03,I'm in awe!,57,158
695,2023-10-05 15:51:06,This post is a revelation,39,505
696,2024-12-05 15:39:56,This post is so well-structured,178,200
697,2024-04-24 13:44:48,I'm so grateful for it.,26,279
698,2025-05-30 09:58:35,I'm impressed.,93,496
699,2025-05-29 01:35:37,I'm not sure what to think of this post.,141,34
700,2025-06-02 19:44:52,I completely agree with everything in this post.,161,94
701,2024-02-05 13:19:16,This post is a pleasure,37,346
702,2024-09-04 13:17:23,This post is so well-structured,28,364
703,2025-04-18 14:33:59,This post is a masterpiece,190,187
704,2023-12-13 09:45:04,This post is so well-presented,161,443
705,2024-12-11 05:16:02,I'm impressed.,13,492
706,2024-10-02 15:18:50,I'm not sure if I agree with the perspectives presented in this post.,129,117
707,2025-06-28 01:35:10,This post is a masterpiece,159,292
708,2025-06-01 21:37:53,This post is so relatable,66,194
709,2025-01-13 10:09:59,I'm impressed.,99,57
710,2024-03-23 07:11:25,I'm not sure what to make of this post.,98,43
711,2024-01-04 13:37:08,I'm not sure if I agree with the arguments made in this post.,183,316
712,2024-07-03 14:50:30,I'm not sure how to interpret this post.,155,269
713,2025-06-16 00:18:38,I expected better from this post,162,98
714,2025-06-29 14:22:22,I'm not sure if I agree with the viewpoints expressed in this post.,133,26
715,2024-02-25 22:29:08,This post is so well-argued,149,466
716,2025-05-03 14:57:57,I'm so glad I stumbled upon it.,77,206
717,2025-01-19 09:20:26,I can't stop reading it!,87,29
718,2023-12-18 18:28:04,I'm not sure if I agree with the interpretations provided in this post.,183,59
719,2024-03-14 22:45:56,I don't think this post is worth the time,174,206
720,2024-01-04 02:37:16,I love it!,153,399
721,2024-04-10 21:26:54,This post is a masterpiece,116,385
722,2023-08-26 02:27:47,it's unsatisfactory.,28,369
723,2024-06-15 08:13:44,very disappointing.,188,475
724,2024-02-13 03:43:08,I'm so grateful for it.,105,403
725,2023-11-05 09:59:53,I'm not sure if I agree with the arguments made in this post.,65,465
726,2024-09-18 11:46:50,I'm so grateful for it.,200,275
727,2024-11-03 21:24:01,This post is a game-changer,132,229
728,2025-02-20 16:42:38,well done!,85,8
729,2024-10-20 10:27:33,very disappointing.,62,414
730,2023-11-17 23:54:58,I can't stop recommending this post,99,340
731,2025-05-22 12:56:20,I'm not sure what to make of this post.,20,101
732,2025-05-09 13:19:00,I expected more from this post,137,453
733,2024-12-03 06:17:31,I can't stop reading it!,194,467
734,2023-12-16 20:30:02,This post is a masterpiece,159,132
735,2024-09-13 03:43:59,This post is a delight,142,41
736,2023-08-07 10:04:26,This post is just what I needed,35,293
737,2024-01-24 19:03:08,I can't stop sharing this post,135,475
738,2024-03-06 06:32:29,This post is a game-changer,197,262
739,2025-05-18 08:31:43,very disappointing.,52,406
740,2024-12-20 23:15:20,I love it!,146,110
741,2024-01-09 13:16:37,I'm not sure what to make of this post.,167,146
742,2024-04-13 18:02:50,I'm not sure how to interpret this post.,98,129
743,2025-01-05 05:47:54,I love it!,108,499
744,2024-12-11 17:14:27,very disappointing.,28,129
745,2024-05-02 19:22:54,I found this post to be very helpful and insightful.,73,393
746,2024-01-28 14:19:13,I'm so grateful for it.,63,73
747,2023-09-01 10:30:29,I disagree with the points made in this post.,52,244
748,2024-11-22 18:21:59,This post is amazing,48,412
749,2025-05-08 05:04:43,I love it!,121,182
750,2024-06-12 05:55:40,I'm not sure if I agree with the arguments made in this post.,63,91
751,2025-06-05 03:19:06,I don't think this post is worth the read,51,453
752,2024-07-02 19:00:41,This post is a gem,32,373
753,2025-06-11 01:07:04,thank you!,130,269
754,2025-02-03 20:44:32,I'm so grateful for it.,73,33
755,2024-03-23 22:10:21,I'm impressed.,174,22
756,2023-10-10 15:15:51,I don't think this post is worth the time,155,485
757,2024-02-19 19:52:16,I can't stop recommending this post,175,372
758,2024-01-06 15:49:26,I'm so grateful for it.,16,51
759,2024-02-27 05:59:44,I expected better from this post,168,74
760,2025-07-01 21:12:30,I found this post to be very helpful and insightful.,62,498
761,2025-04-25 01:57:24,I can't believe how much I learned from this post.,194,116
762,2023-11-09 09:54:14,I don't think this post is worth the effort,133,438
763,2024-06-23 03:52:45,This post is a gem,152,257
764,2025-06-25 05:30:17,I wish this post had more depth and analysis.,102,189
765,2023-08-14 05:20:31,it's unsatisfactory.,116,261
766,2024-03-15 15:58:08,I can't believe how much I learned from this post.,120,392
767,2024-02-25 23:10:28,I expected more from this post,123,88
768,2024-05-26 02:01:19,I'm not sure how to respond to this post.,56,171
769,2024-06-08 17:15:46,This post is just what I needed to hear right now.,172,190
770,2025-01-29 17:09:09,This post is a pleasure,4,74
771,2025-02-23 04:45:56,This post is a gem,174,443
772,2023-12-12 10:52:44,This post is so well-crafted,184,193
773,2025-02-13 13:02:21,it lacks substance.,74,494
774,2024-08-28 17:43:09,This post is a breath of fresh air,170,302
775,2024-01-31 11:17:38,I can't believe how much I learned from this post.,149,225
776,2024-12-17 05:27:31,I'm so happy I read it.,167,128
777,2024-02-02 07:41:08,I can't get enough of this post,132,123
778,2023-08-26 20:58:37,very disappointing.,131,310
779,2023-08-18 13:57:50,This post is a gem,92,266
780,2023-09-14 11:29:25,I'm not sure if I agree with the interpretations provided in this post.,160,482
781,2024-02-10 14:28:12,I can't stop reading this post,45,336
782,2025-02-13 09:14:06,it lacks substance.,128,169
783,2025-01-22 17:01:41,I'm impressed.,188,221
784,2025-06-24 21:32:22,I'm not sure if I agree with the perspectives presented in this post.,160,204
785,2025-03-01 03:29:07,I'm impressed.,157,369
786,2025-02-07 07:03:39,I can't stop praising this post,12,453
787,2023-09-02 02:36:16,I'm not sure how to interpret this post.,86,27
788,2023-10-06 03:18:13,This post is so informative,39,124
789,2024-01-17 16:28:53,it's exceptional!,165,265
790,2024-11-02 06:27:20,I'm so grateful for it.,34,42
791,2024-12-04 13:40:02,it's unsatisfactory.,100,370
792,2025-04-27 09:08:00,This post is a gem,113,182
793,2023-10-26 05:02:29,This post is a waste of time,154,98
794,2024-06-25 14:15:31,very disappointing.,149,464
795,2025-05-30 07:56:26,I expected more from this post,71,458
796,2024-03-23 15:27:28,it's so good!,159,164
797,2024-11-26 13:57:26,I'm not sure if I agree with the arguments made in this post.,29,450
798,2024-08-09 01:07:44,I'm not sure if I agree with the arguments made in this post.,2,385
799,2024-07-04 17:36:12,This post is a masterpiece,194,278
800,2024-12-21 10:39:12,I'm not sure if I agree with the viewpoints expressed in this post.,37,503
801,2025-03-04 00:10:27,I disagree with the points made in this post.,2,395
802,2024-05-29 06:17:38,I'm in awe!,109,428
803,2025-06-15 13:48:06,it's fantastic!,152,410
804,2025-04-17 06:34:19,I'm so glad I stumbled upon it.,145,97
805,2023-09-13 09:48:05,This post is so well-argued,85,244
806,2024-06-04 23:52:30,I'm not sure if I agree with the arguments made in this post.,115,423
807,2024-01-15 13:15:10,This post is so well-argued,39,47
808,2023-09-04 04:49:48,I'm impressed.,5,70
809,2024-12-15 12:29:22,very disappointing.,121,290
810,2024-10-07 09:51:11,This post is a breath of fresh air,44,284
811,2024-05-14 03:32:07,This post is a treasure,111,375
812,2025-02-04 12:25:46,I love it!,173,164
813,2023-12-23 21:53:40,I love it!,18,145
814,2024-06-06 10:16:17,I can't get enough of this post,112,481
815,2023-08-07 03:02:39,very disappointing.,103,321
816,2024-06-12 16:05:48,it's unsatisfactory.,194,411
817,2025-03-06 19:30:43,I don't think this post is worth reading,31,306
818,2024-08-22 16:07:48,very disappointing.,164,155
819,2025-01-06 16:22:42,I'm blown away by the quality of this post.,106,435
820,2025-05-06 13:25:05,I'm impressed.,149,187
821,2025-04-09 10:49:46,it's so good.,39,351
822,2024-11-27 23:46:35,it's so good.,133,323
823,2023-10-25 03:12:53,I'm blown away by the quality of this post.,132,31
824,2024-05-27 02:53:51,I can't stop reading this post,89,257
825,2023-08-24 10:36:16,This post is so well-written,58,2
826,2024-01-22 22:30:06,I'm not sure what to make of this post.,133,466
827,2024-07-12 21:08:02,This post is a game-changer,3,250
828,2025-04-02 06:12:20,I'm not sure what to make of this post.,8,242
829,2025-03-16 01:56:54,I expected better from this post,169,7
830,2023-12-04 04:38:30,it's addictive!,52,18
831,2023-11-08 07:48:25,This post is a masterpiece,167,88
832,2025-05-30 05:40:45,I'm not sure what the author was trying to say in this post.,50,306
833,2025-05-20 10:24:34,I can't stop sharing this post,166,163
834,2024-08-23 15:48:50,I don't understand the point of this post.,143,17
835,2025-03-21 03:40:36,I'm not sure if I agree with the perspectives presented in this post.,99,404
836,2025-05-03 16:43:32,I'm not sure how to respond to this post.,55,474
837,2023-09-07 00:49:13,This post is a game-changer,191,39
838,2024-09-14 23:48:48,very disappointing.,122,195
839,2024-11-03 01:01:34,This post is just what I needed to hear right now.,17,21
840,2023-08-13 05:47:13,This post is so well-crafted,87,333
841,2023-09-12 13:32:40,it's outstanding!,14,459
842,2024-09-20 21:57:39,I expected better from this post,39,224
843,2024-04-20 06:03:00,I'm not sure what to make of this post.,10,157
844,2025-01-22 21:39:20,I'm not sure if I agree with the interpretations provided in this post.,29,445
845,2023-11-18 15:35:08,I love it!,130,41
846,2024-07-23 13:52:26,I don't think this post is worth reading,158,243
847,2025-06-21 01:55:02,it's disappointing.,78,220
848,2023-09-26 02:08:54,it's unsatisfactory.,50,64
849,2024-02-12 12:19:20,This post is a must-read for everyone!,4,45
850,2023-12-16 16:16:05,Not a fan of this post,174,353
851,2024-01-26 18:24:56,I'm so glad I stumbled upon it.,129,377
852,2023-10-06 19:28:25,I'm not sure if I agree with the arguments made in this post.,77,290
853,2024-02-22 16:50:41,it's unsatisfactory.,32,320
854,2024-05-06 15:00:41,I'm not sure how I feel about this post.,120,275
855,2024-01-23 00:19:33,This post is a gem,16,193
856,2023-11-03 11:38:40,it's disappointing.,113,61
857,2024-05-18 22:11:42,I wish this post had more depth and analysis.,19,117
858,2024-06-15 12:58:14,This post is a masterpiece,93,94
859,2023-08-17 04:59:38,I'm not sure what to make of this post.,31,433
860,2024-12-14 14:11:52,I'm not sure what to think of this post.,196,113
861,2024-10-26 11:36:08,it's so good!,113,432
862,2024-07-05 09:57:16,it's unsatisfactory.,187,393
863,2025-05-10 17:12:00,This post is so well-argued,19,374
864,2025-06-16 20:08:09,I can't stop recommending this post,49,495
865,2025-03-02 21:05:52,I can't stop talking about this post,115,170
866,2025-06-21 21:49:50,it's unsatisfactory.,18,88
867,2024-02-24 21:54:23,This post is a treasure,125,227
868,2025-02-26 08:36:01,This post is so well-written,170,120
869,2024-05-30 22:15:22,This post is a masterpiece,45,56
870,2023-11-25 13:43:11,I'm so glad I stumbled upon it.,194,39
871,2023-12-28 06:24:55,I love it!,8,87
872,2024-02-28 03:02:41,I don't think this post is worth the read,161,248
873,2024-05-04 08:11:14,This post is a must-read for everyone!,171,437
874,2025-02-04 06:34:59,This post is just what I needed,171,344
875,2024-09-26 18:34:52,I don't think this post is worth the attention,171,108
876,2024-02-13 20:14:48,I can't get enough of this post,17,217
877,2024-10-13 22:07:29,I don't think this post is worth the time,182,250
878,2025-02-26 05:38:42,very disappointing.,31,46
879,2024-08-11 20:20:14,I expected better from this post,42,501
880,2025-04-17 16:22:21,I'm not sure how to respond to this post.,121,149
881,2024-11-23 15:00:13,very disappointing.,164,428
882,2024-12-23 07:46:23,I'm not sure if I agree with the arguments made in this post.,95,8
883,2023-09-29 14:07:44,it's disappointing.,157,148
884,2025-07-03 15:01:09,This post is just what I needed to hear right now.,133,156
885,2023-09-09 13:31:03,it's lacking.,189,226
886,2024-12-22 04:30:27,I'm so glad I stumbled upon it.,128,176
887,2024-07-17 05:07:23,Not a fan of this post,50,345
888,2024-08-18 07:39:27,I'm not sure what to make of this post.,149,152
889,2024-08-22 07:22:35,This post is just what I needed,136,37
890,2025-03-17 17:05:44,This post is so well-argued,184,309
891,2024-12-16 04:56:10,I can't stop talking about this post,26,93
892,2024-06-14 18:32:06,I expected more from this post,143,301
893,2025-07-01 02:10:29,I'm impressed.,122,485
894,2025-05-16 19:59:36,I can't stop talking about this post,32,453
895,2024-10-03 17:10:18,I'm impressed.,152,68
896,2025-01-20 19:05:08,I don't understand the point of this post.,95,299
897,2024-05-19 23:00:54,I'm not sure if I agree with the perspectives presented in this post.,42,280
898,2023-11-07 12:29:34,it's exceptional!,36,193
899,2025-04-29 23:55:42,This post is just what I needed,94,81
900,2025-03-14 06:45:02,I'm so grateful for it.,199,277
901,2023-09-02 09:50:06,very disappointing.,53,30
902,2023-10-12 23:10:41,I'm not sure if I agree with the conclusions drawn in this post.,180,461
903,2024-03-31 15:40:01,I don't understand the point of this post.,114,177
904,2024-08-05 20:33:40,I'm so grateful for it.,177,251
905,2023-08-26 04:13:19,I don't think this post is worth the effort,146,383
906,2025-04-10 08:02:21,I'm so happy I read it.,89,23
907,2024-09-08 14:18:03,I'm so happy I read it.,73,123
908,2024-04-24 05:43:54,I found this post to be very helpful and insightful.,67,409
909,2024-04-25 07:02:13,I love it!,50,172
910,2025-01-04 06:05:59,I can't stop praising this post,174,176
911,2025-01-25 11:40:58,I expected more from this post,113,340
912,2023-09-17 15:25:55,I can't stop sharing this post,76,354
913,2025-04-04 12:02:39,I don't think this post is worth the time,161,191
914,2024-03-16 17:43:14,I don't think this post is worth the read,6,79
915,2023-12-30 00:26:03,I'm so glad I stumbled upon it.,27,136
916,2023-10-27 00:52:19,very disappointing.,193,154
917,2023-11-25 06:04:18,I'm so grateful for it.,49,310
918,2024-10-20 14:58:50,This post is a breath of fresh air,35,65
919,2025-03-02 22:40:02,This post is so well-written,104,437
920,2025-01-23 09:29:07,I'm not sure how to interpret this post.,59,142
921,2025-05-10 16:00:59,I don't think this post is worth the attention,27,465
922,2024-12-14 06:36:00,it lacks substance.,134,384
923,2023-12-27 01:01:50,I'm impressed.,93,473
924,2024-01-10 10:45:11,it's unsatisfactory.,177,433
925,2025-03-21 15:51:46,I'm impressed.,42,150
926,2024-09-08 08:49:08,I expected better from this post,151,352
927,2024-08-27 14:23:44,I'm not sure how to respond to this post.,159,114
928,2024-10-30 20:18:21,very disappointing.,69,195
929,2024-09-20 02:36:49,I can't stop praising this post,100,359
930,2024-12-29 15:18:04,I'm impressed.,76,199
931,2024-02-29 16:53:58,I have mixed feelings about this post.,22,307
932,2024-07-18 11:06:51,I love it!,63,370
933,2023-08-08 11:17:50,it's fantastic!,5,420
934,2025-03-15 00:50:23,This post is so well-researched,191,26
935,2024-03-31 22:57:23,This post is amazing,113,32
936,2024-01-19 03:09:09,I'm impressed.,196,218
937,2023-11-21 10:51:14,This post is a pleasure,71,349
938,2024-06-07 14:31:49,This post is okay,200,405
939,2024-09-24 20:14:15,This post is so well-written,173,500
940,2024-10-27 09:58:20,I'm not sure if I agree with the arguments made in this post.,44,37
941,2025-03-16 16:36:26,I love it!,175,318
942,2024-11-10 04:24:33,I love this post! Great job!,61,49
943,2025-04-26 01:54:57,This post is so well-presented,1,340
944,2024-11-19 03:24:26,I'm blown away!,185,179
945,2025-02-14 09:29:50,I'm not sure if I agree with the perspectives presented in this post.,59,61
946,2025-03-16 16:42:13,I love it!,103,47
947,2024-08-03 19:09:13,I'm blown away!,190,263
948,2024-06-09 18:05:18,I don't think this post is worth reading,39,363
949,2024-02-21 19:09:25,This post is a joy,91,242
950,2025-01-28 04:27:12,This post is so well-structured,53,17
951,2025-03-14 06:09:36,I expected better from this post,184,164
952,2025-01-01 12:17:23,This post is a waste of time,130,48
953,2023-10-18 19:50:46,I love it!,169,297
954,2025-01-02 10:38:48,I'm so grateful for it.,178,292
955,2025-02-08 11:23:44,I expected more from this post,103,434
956,2025-02-24 17:08:03,I expected better from this post,11,403
957,2024-06-23 21:07:01,I'm not sure what the author was trying to say in this post.,95,81
958,2024-01-27 12:34:47,I have mixed feelings about this post.,40,271
959,2024-10-18 10:12:30,I can't stop talking about this post,122,368
960,2025-01-02 22:07:02,I don't think this post is worth the effort,67,116
961,2024-01-30 23:46:11,I'm not sure if I agree with the arguments made in this post.,123,79
962,2025-04-11 14:24:30,I expected better from this post,167,484
963,2023-10-23 18:33:49,I expected more from this post,171,221
964,2024-04-04 02:49:11,This post is a pleasure,174,141
965,2023-08-31 02:33:26,it's subpar.,55,274
966,2024-01-28 02:52:10,I can't stop talking about this post,171,147
967,2023-09-02 21:55:22,This post is just what I needed,7,74
968,2024-08-01 13:29:31,This post is a delight,48,273
969,2023-09-06 10:59:33,I'm not sure how to respond to this post.,179,38
970,2024-08-08 15:02:23,This post is a delight,139,305
971,2024-11-20 19:36:06,very disappointing.,50,8
972,2023-11-20 11:02:27,This post is so well-crafted,42,467
973,2024-08-03 17:58:38,I can't stop talking about this post,38,287
974,2024-09-25 06:51:16,I'm not sure if I agree with the interpretations provided in this post.,76,123
975,2023-11-05 11:22:09,This post is okay,124,346
976,2024-04-23 08:54:33,I don't think this post is worth reading,23,502
977,2024-11-12 15:59:55,This post is a gem,164,65
978,2024-12-11 19:27:52,I don't think this post is worth the attention,97,376
979,2025-04-13 16:45:21,This post is just what I needed,57,296
980,2024-05-11 23:12:36,This post is a breath of fresh air,120,356
981,2024-08-24 17:26:16,I'm blown away!,198,324
982,2024-05-31 15:19:05,I'm not sure what to make of this post.,88,180
983,2023-08-06 11:28:09,I'm not sure if I agree with the interpretations provided in this post.,105,505
984,2024-11-25 04:53:53,I'm impressed.,89,454
985,2024-06-27 03:04:09,I'm not impressed by this post,167,474
986,2025-01-20 17:55:44,I'm impressed.,80,76
987,2023-08-23 13:37:28,it's so good!,152,323
988,2024-01-14 16:49:43,nothing special.,41,343
989,2024-06-17 05:24:47,I'm impressed.,14,506
990,2024-10-09 19:46:56,very disappointing.,186,205
991,2024-08-13 02:59:10,it's so good!,180,116
992,2023-12-10 05:12:19,I'm not sure if I agree with the arguments made in this post.,191,504
993,2024-06-24 19:14:55,This post is a treasure,84,320
994,2023-11-27 11:04:33,it lacks substance.,121,273
995,2024-07-19 14:08:38,very disappointing.,72,272
996,2024-09-17 08:04:56,nothing special.,104,420
997,2024-03-19 18:22:55,This post is a delight,2,502
998,2023-10-20 05:45:00,it's lacking.,174,340
999,2025-06-18 08:50:40,I wish this post had more depth and analysis.,136,493
1000,2023-11-28 15:58:05,I can't stop recommending this post,105,293
