id,fullname,username,email,instagram_id,linkedin_id,about
1,Emily Christmas,echristmas0,echristmas0@state.gov,emily3839,Emily Christmas,Travel enthusiast
2,Lebbie Kilty,lkilty1,lkilty1@ed.gov,lebbie675,Lebbie Kilty,Coffee lover
3,Margery Olivazzi,molivazzi2,molivazzi2@skype.com,margery7565,Margery Olivazzi,Travel enthusiast
4,Kippy Woodall,kwoodall3,kwoodall3@twitter.com,kippy2904,Kippy Woodall,Travel enthusiast
5,Roseanna Dennerly,rdennerly4,rdennerly4@ning.com,roseanna4887,Roseanna Dennerly,Coffee lover
6,Albrecht Saffrin,asaffrin5,asaffrin5@ca.gov,albrecht2456,Albrecht Saffrin,Adventure seeker
7,Bernete Loton,bloton6,bloton6@reverbnation.com,bernete6896,Bernete Loton,Fitness fanatic
8,Giana O'Mahoney,gomahoney7,gomahoney7@bloomberg.com,giana7774,Giana O'Mahoney,Foodie
9,Hunfredo Shemmin,hshemmin8,hshemmin8@dropbox.com,hunfredo1429,Hunfredo Shemmin,Coffee lover
10,Ernest Lesaunier,elesaunier9,elesaunier9@godaddy.com,ernest956,Ernest Lesaunier,Adventure seeker
11,Cathyleen Spreckley,cspreckleya,cspreckleya@shutterfly.com,cathyleen266,Cathyleen Spreckley,Adventure seeker
12,Kort Dieton,kdietonb,kdietonb@macromedia.com,kort3010,Kort Dieton,Foodie
13,Toma Botcherby,tbotcherbyc,tbotcherbyc@ezinearticles.com,toma1032,Toma Botcherby,Bookworm
14,Else Cranston,ecranstond,ecranstond@spotify.com,else2335,Else Cranston,Foodie
15,Gert Forth,gforthe,gforthe@freewebs.com,gert7839,Gert Forth,Fitness fanatic
16,Stormie Crittal,scrittalf,scrittalf@pcworld.com,stormie2588,Stormie Crittal,Foodie
17,Francyne McElhargy,fmcelhargyg,fmcelhargyg@yale.edu,francyne7493,Francyne McElhargy,Adventure seeker
18,Eugenia O'Kelly,eokellyh,eokellyh@yahoo.co.jp,eugenia3541,Eugenia O'Kelly,Travel enthusiast
19,Janela Netherclift,jnetherclifti,jnetherclifti@umich.edu,janela6387,Janela Netherclift,Coffee lover
20,Thurston Blanchet,tblanchetj,tblanchetj@hexun.com,thurston7107,Thurston Blanchet,Fitness fanatic
21,Manya Skirlin,mskirlink,mskirlink@hp.com,manya7252,Manya Skirlin,Fitness fanatic
22,Ody Jeandot,ojeandotl,ojeandotl@storify.com,ody1627,Ody Jeandot,Travel enthusiast
23,Gena O'Luney,goluneym,goluneym@posterous.com,gena2787,Gena O'Luney,Fitness fanatic
24,Drucill Goodings,dgoodingsn,dgoodingsn@amazon.com,drucill8857,Drucill Goodings,Bookworm
25,Maurene MacInnes,mmacinneso,mmacinneso@360.cn,maurene812,Maurene MacInnes,Foodie
26,Levon Fipp,lfippp,lfippp@bigcartel.com,levon1009,Levon Fipp,Fitness fanatic
27,Stillmann Bru,sbruq,sbruq@nymag.com,stillmann4765,Stillmann Bru,Foodie
28,Debbie Angeau,dangeaur,dangeaur@issuu.com,debbie4665,Debbie Angeau,Bookworm
29,Lev Doodney,ldoodneys,ldoodneys@latimes.com,lev7535,Lev Doodney,Bookworm
30,Cameron Reschke,creschket,creschket@usatoday.com,cameron5139,Cameron Reschke,Fitness fanatic
31,Victoria Coode,vcoodeu,vcoodeu@cnn.com,victoria810,Victoria Coode,Coffee lover
32,Gelya Backman,gbackmanv,gbackmanv@blogs.com,gelya6704,Gelya Backman,Adventure seeker
33,Farlie Brookhouse,fbrookhousew,fbrookhousew@china.com.cn,farlie2011,Farlie Brookhouse,Travel enthusiast
34,Katalin McGaffey,kmcgaffeyx,kmcgaffeyx@tmall.com,katalin2349,Katalin McGaffey,Fitness fanatic
35,Phoebe Hodgets,phodgetsy,phodgetsy@cdbaby.com,phoebe7670,Phoebe Hodgets,Foodie
36,Merrill Brewers,mbrewersz,mbrewersz@topsy.com,merrill6202,Merrill Brewers,Adventure seeker
37,Mortie Ruddock,mruddock10,mruddock10@theguardian.com,mortie4699,Mortie Ruddock,Fitness fanatic
38,Steve Wickes,swickes11,swickes11@smugmug.com,steve1786,Steve Wickes,Fitness fanatic
39,Selina Dominelli,sdominelli12,sdominelli12@europa.eu,selina2019,Selina Dominelli,Bookworm
40,Cassi Jekyll,cjekyll13,cjekyll13@discuz.net,cassi9626,Cassi Jekyll,Bookworm
41,Mendie Dullingham,mdullingham14,mdullingham14@umn.edu,mendie9413,Mendie Dullingham,Adventure seeker
42,Melany Glassup,mglassup15,mglassup15@dailymotion.com,melany5890,Melany Glassup,Fitness fanatic
43,Aland McGee,amcgee16,amcgee16@zdnet.com,aland9543,Aland McGee,Foodie
44,Minda Cusack,mcusack17,mcusack17@ted.com,minda8792,Minda Cusack,Coffee lover
45,Lind Brugger,lbrugger18,lbrugger18@imageshack.us,lind1454,Lind Brugger,Adventure seeker
46,Lucy Pittem,lpittem19,lpittem19@google.co.jp,lucy9298,Lucy Pittem,Adventure seeker
47,Daniel Greensite,dgreensite1a,dgreensite1a@tripadvisor.com,daniel9279,Daniel Greensite,Coffee lover
48,Loydie Grinnov,lgrinnov1b,lgrinnov1b@eventbrite.com,loydie2978,Loydie Grinnov,Fitness fanatic
49,Pall Mea,pmea1c,pmea1c@epa.gov,pall6580,Pall Mea,Fitness fanatic
50,Glennie Patterfield,gpatterfield1d,gpatterfield1d@economist.com,glennie1031,Glennie Patterfield,Adventure seeker
51,Jervis Covet,jcovet1e,jcovet1e@dot.gov,jervis5289,Jervis Covet,Bookworm
52,Vivie Brattan,vbrattan1f,vbrattan1f@mac.com,vivie1117,Vivie Brattan,Bookworm
53,Jessie Abbet,jabbet1g,jabbet1g@printfriendly.com,jessie3312,Jessie Abbet,Travel enthusiast
54,Allys Rew,arew1h,arew1h@unblog.fr,allys3402,Allys Rew,Travel enthusiast
55,Alexandrina Echalie,aechalie1i,aechalie1i@bravesites.com,alexandrina2007,Alexandrina Echalie,Coffee lover
56,Sydney Brownett,sbrownett1j,sbrownett1j@amazonaws.com,sydney1709,Sydney Brownett,Bookworm
57,Aggi Valde,avalde1k,avalde1k@cdbaby.com,aggi3501,Aggi Valde,Travel enthusiast
58,Denys Abernethy,dabernethy1l,dabernethy1l@reference.com,denys3785,Denys Abernethy,Bookworm
59,Louise Barstowk,lbarstowk1m,lbarstowk1m@blogspot.com,louise7383,Louise Barstowk,Bookworm
60,Gardy Kingaby,gkingaby1n,gkingaby1n@miibeian.gov.cn,gardy5888,Gardy Kingaby,Adventure seeker
61,Prisca Joskowitz,pjoskowitz1o,pjoskowitz1o@virginia.edu,prisca6045,Prisca Joskowitz,Adventure seeker
62,Danielle Antonov,dantonov1p,dantonov1p@aboutads.info,danielle9095,Danielle Antonov,Travel enthusiast
63,Riley Lared,rlared1q,rlared1q@redcross.org,riley4694,Riley Lared,Coffee lover
64,Peri Fee,pfee1r,pfee1r@parallels.com,peri344,Peri Fee,Bookworm
65,Fawnia Legging,flegging1s,flegging1s@virginia.edu,fawnia7872,Fawnia Legging,Bookworm
66,Alix Goskar,agoskar1t,agoskar1t@newyorker.com,alix8035,Alix Goskar,Adventure seeker
67,Nicolina Pickover,npickover1u,npickover1u@google.de,nicolina2596,Nicolina Pickover,Foodie
68,Samson Rozsa,srozsa1v,srozsa1v@state.tx.us,samson800,Samson Rozsa,Coffee lover
69,Milly McJury,mmcjury1w,mmcjury1w@springer.com,milly8458,Milly McJury,Travel enthusiast
70,Ernst Braxton,ebraxton1x,ebraxton1x@walmart.com,ernst575,Ernst Braxton,Coffee lover
71,Raphael Easey,reasey1y,reasey1y@devhub.com,raphael3806,Raphael Easey,Foodie
72,Donna Mardy,dmardy1z,dmardy1z@altervista.org,donna6244,Donna Mardy,Bookworm
73,Othilia Pindar,opindar20,opindar20@blogger.com,othilia7028,Othilia Pindar,Coffee lover
74,Theodore Heugh,theugh21,theugh21@i2i.jp,theodore5860,Theodore Heugh,Travel enthusiast
75,Anette Grishin,agrishin22,agrishin22@hao123.com,anette6870,Anette Grishin,Foodie
76,Gianina Slack,gslack23,gslack23@flavors.me,gianina1239,Gianina Slack,Bookworm
77,Marion Sacaze,msacaze24,msacaze24@friendfeed.com,marion1572,Marion Sacaze,Fitness fanatic
78,Betta Pittem,bpittem25,bpittem25@toplist.cz,betta8782,Betta Pittem,Fitness fanatic
79,Charles Punter,cpunter26,cpunter26@reverbnation.com,charles266,Charles Punter,Foodie
80,Lani Mingaye,lmingaye27,lmingaye27@google.nl,lani2236,Lani Mingaye,Bookworm
81,Dorise Bransdon,dbransdon28,dbransdon28@fc2.com,dorise8545,Dorise Bransdon,Adventure seeker
82,Eva Dugall,edugall29,edugall29@cocolog-nifty.com,eva1035,Eva Dugall,Fitness fanatic
83,Charlene Arnauduc,carnauduc2a,carnauduc2a@domainmarket.com,charlene1315,Charlene Arnauduc,Adventure seeker
84,Clare Weal,cweal2b,cweal2b@w3.org,clare3868,Clare Weal,Travel enthusiast
85,Herminia Bassingden,hbassingden2c,hbassingden2c@yandex.ru,herminia7512,Herminia Bassingden,Bookworm
86,Mareah Cotmore,mcotmore2d,mcotmore2d@photobucket.com,mareah4679,Mareah Cotmore,Bookworm
87,Lothario Idenden,lidenden2e,lidenden2e@twitter.com,lothario2551,Lothario Idenden,Fitness fanatic
88,Robin How,rhow2f,rhow2f@fda.gov,robin6794,Robin How,Coffee lover
89,Delbert Padden,dpadden2g,dpadden2g@cmu.edu,delbert2965,Delbert Padden,Coffee lover
90,Inga Fleeman,ifleeman2h,ifleeman2h@slashdot.org,inga9610,Inga Fleeman,Travel enthusiast
91,Roderic Bergen,rbergen2i,rbergen2i@purevolume.com,roderic5622,Roderic Bergen,Bookworm
92,Thelma Keyes,tkeyes2j,tkeyes2j@nhs.uk,thelma9400,Thelma Keyes,Bookworm
93,Lombard Maughan,lmaughan2k,lmaughan2k@sbwire.com,lombard1421,Lombard Maughan,Adventure seeker
94,Karyn Rapelli,krapelli2l,krapelli2l@over-blog.com,karyn1845,Karyn Rapelli,Fitness fanatic
95,Ollie Harrad,oharrad2m,oharrad2m@kickstarter.com,ollie3963,Ollie Harrad,Fitness fanatic
96,Christye Courtes,ccourtes2n,ccourtes2n@w3.org,christye9537,Christye Courtes,Adventure seeker
97,Davidde Rich,drich2o,drich2o@google.it,davidde6580,Davidde Rich,Fitness fanatic
98,Morton Saltsberg,msaltsberg2p,msaltsberg2p@vimeo.com,morton7327,Morton Saltsberg,Bookworm
99,Rois Stuehmeyer,rstuehmeyer2q,rstuehmeyer2q@marriott.com,rois8564,Rois Stuehmeyer,Bookworm
100,Nilson Bacchus,nbacchus2r,nbacchus2r@cafepress.com,nilson9226,Nilson Bacchus,Coffee lover
101,Hermie Echalier,hechalier2s,hechalier2s@bravesites.com,hermie7086,Hermie Echalier,Bookworm
102,Emanuele Aglione,eaglione2t,eaglione2t@amazon.co.jp,emanuele1043,Emanuele Aglione,Coffee lover
103,Nelle Ketchell,nketchell2u,nketchell2u@va.gov,nelle2461,Nelle Ketchell,Travel enthusiast
104,Perry Povlsen,ppovlsen2v,ppovlsen2v@wunderground.com,perry4087,Perry Povlsen,Travel enthusiast
105,George Soldner,gsoldner2w,gsoldner2w@cnet.com,george6293,George Soldner,Bookworm
106,Vivie Dreini,vdreini2x,vdreini2x@tripadvisor.com,vivie7231,Vivie Dreini,Adventure seeker
107,Alessandra Oleszkiewicz,aoleszkiewicz2y,aoleszkiewicz2y@seesaa.net,alessandra2528,Alessandra Oleszkiewicz,Adventure seeker
108,Suzy Dominichetti,sdominichetti2z,sdominichetti2z@clickbank.net,suzy6425,Suzy Dominichetti,Foodie
109,Kaitlin Exley,kexley30,kexley30@webnode.com,kaitlin2760,Kaitlin Exley,Foodie
110,Nolie Minico,nminico31,nminico31@nhs.uk,nolie1549,Nolie Minico,Coffee lover
111,Maxie Fowkes,mfowkes32,mfowkes32@hexun.com,maxie5586,Maxie Fowkes,Fitness fanatic
112,Thom Chanter,tchanter33,tchanter33@ebay.co.uk,thom8127,Thom Chanter,Travel enthusiast
113,Hartwell Hazart,hhazart34,hhazart34@nsw.gov.au,hartwell3381,Hartwell Hazart,Foodie
114,Gaspar Simao,gsimao35,gsimao35@cmu.edu,gaspar5285,Gaspar Simao,Bookworm
115,Fleur Sevier,fsevier36,fsevier36@sphinn.com,fleur8372,Fleur Sevier,Bookworm
116,Margarete McIndoe,mmcindoe37,mmcindoe37@goo.gl,margarete9466,Margarete McIndoe,Foodie
117,Damita McCosh,dmccosh38,dmccosh38@chicagotribune.com,damita3085,Damita McCosh,Foodie
118,Piotr Vlasenkov,pvlasenkov39,pvlasenkov39@nationalgeographic.com,piotr3803,Piotr Vlasenkov,Bookworm
119,Torey Flecknoe,tflecknoe3a,tflecknoe3a@mlb.com,torey744,Torey Flecknoe,Coffee lover
120,Helge Mapplethorpe,hmapplethorpe3b,hmapplethorpe3b@cafepress.com,helge2680,Helge Mapplethorpe,Fitness fanatic
121,Bel Whilde,bwhilde3c,bwhilde3c@hexun.com,bel9414,Bel Whilde,Bookworm
122,Samara Cometti,scometti3d,scometti3d@spiegel.de,samara4979,Samara Cometti,Adventure seeker
123,Burl McLorinan,bmclorinan3e,bmclorinan3e@soup.io,burl8434,Burl McLorinan,Travel enthusiast
124,Mandy Myhill,mmyhill3f,mmyhill3f@tmall.com,mandy5039,Mandy Myhill,Travel enthusiast
125,Trev Wakenshaw,twakenshaw3g,twakenshaw3g@discuz.net,trev6859,Trev Wakenshaw,Bookworm
126,Adah Dashper,adashper3h,adashper3h@moonfruit.com,adah4521,Adah Dashper,Bookworm
127,Zachery Haspineall,zhaspineall3i,zhaspineall3i@loc.gov,zachery2792,Zachery Haspineall,Coffee lover
128,Reyna Walkden,rwalkden3j,rwalkden3j@ovh.net,reyna1231,Reyna Walkden,Foodie
129,Lori Joselevitz,ljoselevitz3k,ljoselevitz3k@salon.com,lori6628,Lori Joselevitz,Bookworm
130,Cam Hovard,chovard3l,chovard3l@google.nl,cam9679,Cam Hovard,Foodie
131,Elbertine Bolter,ebolter3m,ebolter3m@wufoo.com,elbertine1926,Elbertine Bolter,Coffee lover
132,Cloris McPike,cmcpike3n,cmcpike3n@goodreads.com,cloris8106,Cloris McPike,Adventure seeker
133,Che Sheeran,csheeran3o,csheeran3o@pinterest.com,che5465,Che Sheeran,Fitness fanatic
134,Lavinie McMurraya,lmcmurraya3p,lmcmurraya3p@amazon.co.uk,lavinie4372,Lavinie McMurraya,Foodie
135,Bliss Whitebrook,bwhitebrook3q,bwhitebrook3q@fotki.com,bliss3029,Bliss Whitebrook,Coffee lover
136,Maurita Pointon,mpointon3r,mpointon3r@list-manage.com,maurita9528,Maurita Pointon,Fitness fanatic
137,Selig Foston,sfoston3s,sfoston3s@sogou.com,selig4292,Selig Foston,Travel enthusiast
138,Prisca Orrick,porrick3t,porrick3t@deliciousdays.com,prisca8696,Prisca Orrick,Bookworm
139,Reginald Tremeer,rtremeer3u,rtremeer3u@prweb.com,reginald1063,Reginald Tremeer,Fitness fanatic
140,Dianne Barensky,dbarensky3v,dbarensky3v@bbc.co.uk,dianne5948,Dianne Barensky,Bookworm
141,Coriss Lemin,clemin3w,clemin3w@w3.org,coriss8768,Coriss Lemin,Adventure seeker
142,Hedda Shanley,hshanley3x,hshanley3x@trellian.com,hedda2711,Hedda Shanley,Adventure seeker
143,Arvin Madsen,amadsen3y,amadsen3y@sohu.com,arvin9132,Arvin Madsen,Coffee lover
144,Desdemona Grzegorecki,dgrzegorecki3z,dgrzegorecki3z@time.com,desdemona5554,Desdemona Grzegorecki,Travel enthusiast
145,Denys Wonham,dwonham40,dwonham40@gmpg.org,denys1982,Denys Wonham,Coffee lover
146,Jennica De la croix,jde41,jde41@engadget.com,jennica4257,Jennica De la croix,Foodie
147,Serena Mattiazzo,smattiazzo42,smattiazzo42@com.com,serena8615,Serena Mattiazzo,Bookworm
148,Celie Babbe,cbabbe43,cbabbe43@twitter.com,celie644,Celie Babbe,Bookworm
149,Trude Stuckes,tstuckes44,tstuckes44@cpanel.net,trude3165,Trude Stuckes,Adventure seeker
150,Ripley Jzak,rjzak45,rjzak45@live.com,ripley3007,Ripley Jzak,Bookworm
151,Moore Hannaford,mhannaford46,mhannaford46@acquirethisname.com,moore1503,Moore Hannaford,Travel enthusiast
152,Rubia Bimrose,rbimrose47,rbimrose47@studiopress.com,rubia5341,Rubia Bimrose,Fitness fanatic
153,Karola Bewly,kbewly48,kbewly48@dailymail.co.uk,karola146,Karola Bewly,Coffee lover
154,Blake Berkelay,bberkelay49,bberkelay49@hibu.com,blake4594,Blake Berkelay,Foodie
155,Clayson Selway,cselway4a,cselway4a@imgur.com,clayson5399,Clayson Selway,Adventure seeker
156,Cris Arnopp,carnopp4b,carnopp4b@state.tx.us,cris2827,Cris Arnopp,Travel enthusiast
157,Art Gasperi,agasperi4c,agasperi4c@sciencedaily.com,art8345,Art Gasperi,Coffee lover
158,Carlynn Bernot,cbernot4d,cbernot4d@photobucket.com,carlynn6103,Carlynn Bernot,Coffee lover
159,Charlena Verbeke,cverbeke4e,cverbeke4e@psu.edu,charlena2782,Charlena Verbeke,Adventure seeker
160,Nat Virgo,nvirgo4f,nvirgo4f@princeton.edu,nat9595,Nat Virgo,Fitness fanatic
161,Donal Tocqueville,dtocqueville4g,dtocqueville4g@angelfire.com,donal905,Donal Tocqueville,Bookworm
162,Vinny Belitz,vbelitz4h,vbelitz4h@imdb.com,vinny3905,Vinny Belitz,Travel enthusiast
163,Shell Cubitt,scubitt4i,scubitt4i@digg.com,shell7078,Shell Cubitt,Coffee lover
164,Lief Schinetti,lschinetti4j,lschinetti4j@goodreads.com,lief7949,Lief Schinetti,Bookworm
165,Row Cooney,rcooney4k,rcooney4k@java.com,row3930,Row Cooney,Bookworm
166,Valentia Hexter,vhexter4l,vhexter4l@marketwatch.com,valentia6720,Valentia Hexter,Coffee lover
167,Sonia Purple,spurple4m,spurple4m@go.com,sonia1463,Sonia Purple,Travel enthusiast
168,Simonette Pottberry,spottberry4n,spottberry4n@creativecommons.org,simonette7479,Simonette Pottberry,Bookworm
169,Osbert Durrad,odurrad4o,odurrad4o@newyorker.com,osbert2593,Osbert Durrad,Bookworm
170,Tierney Shillabeer,tshillabeer4p,tshillabeer4p@disqus.com,tierney5739,Tierney Shillabeer,Foodie
171,Chloris Candelin,ccandelin4q,ccandelin4q@shop-pro.jp,chloris7832,Chloris Candelin,Adventure seeker
172,Clint Husby,chusby4r,chusby4r@opera.com,clint3135,Clint Husby,Coffee lover
173,Brucie Gable,bgable4s,bgable4s@lulu.com,brucie4737,Brucie Gable,Adventure seeker
174,Ron Peacher,rpeacher4t,rpeacher4t@tinyurl.com,ron9755,Ron Peacher,Fitness fanatic
175,Suzi Meiner,smeiner4u,smeiner4u@posterous.com,suzi8211,Suzi Meiner,Coffee lover
176,Melany Ezzle,mezzle4v,mezzle4v@prnewswire.com,melany8873,Melany Ezzle,Coffee lover
177,Ari Davidou,adavidou4w,adavidou4w@instagram.com,ari4732,Ari Davidou,Travel enthusiast
178,Dix Milmoe,dmilmoe4x,dmilmoe4x@reference.com,dix3840,Dix Milmoe,Fitness fanatic
179,Engelbert Atwater,eatwater4y,eatwater4y@jiathis.com,engelbert5844,Engelbert Atwater,Fitness fanatic
180,Rosette Montgomery,rmontgomery4z,rmontgomery4z@berkeley.edu,rosette831,Rosette Montgomery,Adventure seeker
181,Sutherland Dudman,sdudman50,sdudman50@baidu.com,sutherland7424,Sutherland Dudman,Travel enthusiast
182,Ogdon Labbez,olabbez51,olabbez51@howstuffworks.com,ogdon1392,Ogdon Labbez,Bookworm
183,Rodrique de Villier,rde52,rde52@desdev.cn,rodrique8961,Rodrique de Villier,Travel enthusiast
184,Neysa Shoreson,nshoreson53,nshoreson53@mapy.cz,neysa8110,Neysa Shoreson,Adventure seeker
185,Terrill Aleksankin,taleksankin54,taleksankin54@ucsd.edu,terrill8166,Terrill Aleksankin,Coffee lover
186,Erroll Grzes,egrzes55,egrzes55@redcross.org,erroll9657,Erroll Grzes,Fitness fanatic
187,Drew Senter,dsenter56,dsenter56@accuweather.com,drew5091,Drew Senter,Adventure seeker
188,Lana Kerton,lkerton57,lkerton57@nydailynews.com,lana1607,Lana Kerton,Coffee lover
189,Fawnia Cleeves,fcleeves58,fcleeves58@dagondesign.com,fawnia7076,Fawnia Cleeves,Coffee lover
190,Guinevere Emblen,gemblen59,gemblen59@furl.net,guinevere2671,Guinevere Emblen,Adventure seeker
191,Birch Surtees,bsurtees5a,bsurtees5a@ftc.gov,birch2264,Birch Surtees,Fitness fanatic
192,Jonis Fewkes,jfewkes5b,jfewkes5b@sciencedirect.com,jonis9652,Jonis Fewkes,Fitness fanatic
193,Janis Tulk,jtulk5c,jtulk5c@tinyurl.com,janis7519,Janis Tulk,Fitness fanatic
194,Daryn Lever,dlever5d,dlever5d@walmart.com,daryn8468,Daryn Lever,Foodie
195,Miranda Habben,mhabben5e,mhabben5e@cmu.edu,miranda2582,Miranda Habben,Adventure seeker
196,Riley Ferriere,rferriere5f,rferriere5f@chronoengine.com,riley7858,Riley Ferriere,Fitness fanatic
197,Gwenette Parsand,gparsand5g,gparsand5g@prnewswire.com,gwenette1843,Gwenette Parsand,Adventure seeker
198,Novelia Sandbatch,nsandbatch5h,nsandbatch5h@illinois.edu,novelia2757,Novelia Sandbatch,Bookworm
199,Findlay Widdall,fwiddall5i,fwiddall5i@jalbum.net,findlay2208,Findlay Widdall,Adventure seeker
200,Renaud Fulle,rfulle5j,rfulle5j@phoca.cz,renaud4091,Renaud Fulle,Coffee lover
